Số thứ tự (No.),Mã Epic (Epic ID),Tên Epic (Epic Name),Mã User Story (Story ID),Tên User Story (Story Title),User Story,Vai trò (Role),Giá trị nghiệp vụ (Business Value),Mô tả chi tiết (Description),Điều kiện bắt đầu (Precondition),Kết quả sau hoàn thành (Postcondition),Quy tắc liên quan (Business Rule),Độ ưu tiên (Priority),Story Point,Phụ thuộc vào (Dependency),Người phụ trách đề xuất (Assignee),Trạng thái (Status),Ghi chú (Notes)
1,NCL-01,Đăng nhập và phân quyền,NCL-01-CN-001,Đăng nhập hệ thống,"Là Lễ tân, tôi muốn đăng nhập bằng tài khoản được cấp, để truy cập đúng chức năng phục vụ khách.",Lễ tân,Bảo vệ dữ liệu và bắt đầu ca làm việc an toàn.,Người dùng nhập tài khoản và mật khẩu để vào hệ thống theo đúng vai trò của mình.,Người dùng đã được cấp tài khoản.,Người dùng vào được màn hình chính đúng với vai trò.,QTN-09,Bắt buộc,,,Thành viên bốn,Chưa thực hiện,
2,NCL-01,Đăng nhập và phân quyền,NCL-01-CN-002,Quản lý tài khoản người dùng,"Là Quản trị viên, tôi muốn tạo và khóa tài khoản cho nhân viên, để kiểm soát người truy cập hệ thống.",Quản trị viên,Kiểm soát danh sách người dùng theo thực tế nhân sự.,"Quản trị viên tạo mới, sửa và khóa tài khoản, gán vai trò cho từng người.",Quản trị viên đã đăng nhập.,Danh sách tài khoản phản ánh đúng nhân sự đang làm việc.,QTN-09,Bắt buộc,,NCL-01-CN-001,Thành viên bốn,Chưa thực hiện,
3,NCL-01,Đăng nhập và phân quyền,NCL-01-CN-003,Phân quyền theo vai trò,"Là Quản trị viên, tôi muốn gán quyền theo vai trò, để mỗi người chỉ thao tác đúng phần việc của mình.",Quản trị viên,Giảm rủi ro thao tác sai và rò rỉ dữ liệu.,"Quản trị viên cấu hình quyền xem, tạo, cập nhật và hủy cho từng vai trò trên từng chức năng.",Đã có danh sách vai trò và chức năng.,Mỗi vai trò truy cập đúng chức năng được phép.,QTN-09,Bắt buộc,,NCL-01-CN-002,Thành viên bốn,Chưa thực hiện,
4,NCL-01,Đăng nhập và phân quyền,NCL-01-CN-004,Đổi mật khẩu và đăng xuất,"Là Lễ tân, tôi muốn đổi mật khẩu và đăng xuất an toàn, để bảo vệ tài khoản của mình.",Lễ tân,Giữ an toàn tài khoản cá nhân.,Người dùng tự đổi mật khẩu và đăng xuất khỏi phiên làm việc.,Người dùng đã đăng nhập.,Mật khẩu được đổi và phiên làm việc kết thúc an toàn.,QTN-09,Quan trọng,,NCL-01-CN-001,Thành viên bốn,Chưa thực hiện,
5,NCL-02,Quản lý phòng loại phòng và giá,NCL-02-CN-001,Quản lý loại phòng,"Là Chủ cơ sở, tôi muốn khai báo các loại phòng, để làm cơ sở cho việc đặt phòng và tính giá.",Chủ cơ sở,Chuẩn hóa danh mục loại phòng của cơ sở.,Chủ cơ sở tạo và sửa loại phòng cùng sức chứa và mô tả tiện nghi.,Chủ cơ sở đã đăng nhập.,Danh mục loại phòng sẵn sàng để gán cho phòng.,QTN-03,Bắt buộc,,NCL-01-CN-001,Thành viên một,Chưa thực hiện,
6,NCL-02,Quản lý phòng loại phòng và giá,NCL-02-CN-002,Quản lý phòng,"Là Chủ cơ sở, tôi muốn khai báo từng phòng theo loại phòng, để đưa phòng vào lịch đặt phòng.",Chủ cơ sở,Có danh sách phòng thật để vận hành.,"Chủ cơ sở tạo phòng, gán loại phòng, đặt số phòng và trạng thái ban đầu.",Đã có loại phòng.,Danh sách phòng đầy đủ và gắn với loại phòng.,QTN-03,Bắt buộc,,NCL-02-CN-001,Thành viên một,Chưa thực hiện,
7,NCL-02,Quản lý phòng loại phòng và giá,NCL-02-CN-003,Cấu hình giá theo mùa,"Là Chủ cơ sở, tôi muốn đặt giá phòng theo mùa và theo loại phòng, để tối ưu doanh thu theo thời điểm.",Chủ cơ sở,Áp giá đúng theo mùa cao điểm và thấp điểm.,Chủ cơ sở khai báo bảng giá theo khoảng thời gian cho từng loại phòng.,Đã có loại phòng.,Hệ thống áp đúng giá theo mùa khi đặt phòng.,QTN-03,Bắt buộc,,NCL-02-CN-001,Thành viên một,Chưa thực hiện,
8,NCL-02,Quản lý phòng loại phòng và giá,NCL-02-CN-004,Quản lý danh mục dịch vụ phụ thu,"Là Chủ cơ sở, tôi muốn khai báo danh mục dịch vụ phụ thu, để lễ tân ghi nhận nhanh khi khách sử dụng.",Chủ cơ sở,Chuẩn hóa dịch vụ và giá phụ thu.,"Chủ cơ sở tạo danh mục dịch vụ như ăn sáng, đưa đón, giặt là kèm đơn giá.",Chủ cơ sở đã đăng nhập.,Danh mục dịch vụ phụ thu sẵn sàng để ghi nhận.,QTN-12,Quan trọng,,NCL-01-CN-001,Thành viên một,Chưa thực hiện,
9,NCL-03,Lịch phòng và đặt phòng chống trùng,NCL-03-CN-001,Xem lịch phòng trực quan,"Là Lễ tân, tôi muốn xem lịch phòng theo ngày, để biết phòng nào trống và phòng nào đã có khách.",Lễ tân,Nhìn nhanh tình trạng phòng để tư vấn khách.,"Lễ tân xem sơ đồ lịch phòng theo hàng phòng và cột ngày, mỗi đặt phòng hiển thị một dải thời gian.",Đã có phòng và đặt phòng.,Lễ tân thấy rõ tình trạng từng phòng theo thời gian.,QTN-01,Bắt buộc,,NCL-02-CN-002,Thành viên hai,Chưa thực hiện,
10,NCL-03,Lịch phòng và đặt phòng chống trùng,NCL-03-CN-002,Tạo đặt phòng,"Là Lễ tân, tôi muốn tạo đặt phòng cho khách, để giữ chỗ theo loại phòng và thời gian lưu trú.",Lễ tân,Ghi nhận nhu cầu lưu trú của khách.,"Lễ tân nhập thông tin khách, loại phòng, ngày nhận và ngày trả để tạo đặt phòng.",Đã có loại phòng và giá.,Đặt phòng được tạo với giá dự kiến và trạng thái mới tạo.,QTN-01,Bắt buộc,,"NCL-02-CN-002, NCL-02-CN-003",Thành viên một,Chưa thực hiện,
11,NCL-03,Lịch phòng và đặt phòng chống trùng,NCL-03-CN-003,Gán phòng trên lịch chống trùng,"Là Lễ tân, tôi muốn gán phòng cụ thể cho đặt phòng trên lịch, để giữ phòng và tránh nhận trùng.",Lễ tân,Chốt phòng cụ thể và khóa chỗ.,"Lễ tân kéo hoặc chọn phòng trống trên lịch để gán cho đặt phòng, hệ thống kiểm tra không gối thời gian.",Đã có đặt phòng mới tạo.,Đặt phòng được gán phòng và chuyển sang đã xác nhận.,QTN-01,Bắt buộc,,"NCL-03-CN-002, NCL-03-CN-001",Thành viên hai,Chưa thực hiện,
12,NCL-03,Lịch phòng và đặt phòng chống trùng,NCL-03-CN-004,Xử lý xung đột đặt phòng đồng thời,"Là Lễ tân, tôi muốn hệ thống ngăn hai người gán cùng một phòng cùng lúc, để không phát sinh trùng phòng.",Lễ tân,Bảo đảm tính nhất quán khi nhiều người thao tác.,"Khi hai lễ tân cùng gán một phòng cho khoảng thời gian gối nhau, hệ thống chỉ chấp nhận thao tác đầu và từ chối thao tác sau.",Có ít nhất hai người thao tác đồng thời.,"Chỉ một đặt phòng được giữ phòng, người còn lại nhận cảnh báo.",QTN-01,Bắt buộc,,NCL-03-CN-003,Thành viên ba,Chưa thực hiện,
13,NCL-03,Lịch phòng và đặt phòng chống trùng,NCL-03-CN-005,Hủy đặt phòng,"Là Lễ tân, tôi muốn hủy đặt phòng theo chính sách, để giải phóng phòng khi khách không còn nhu cầu.",Lễ tân,Giải phóng phòng và giữ đúng chính sách hủy.,"Lễ tân hủy một đặt phòng chưa nhận phòng, hệ thống áp dụng chính sách hủy và giải phóng phòng.",Đặt phòng ở trạng thái mới tạo hoặc đã xác nhận.,Đặt phòng chuyển sang đã hủy và phòng được giải phóng.,QTN-06,Quan trọng,,NCL-03-CN-003,Thành viên một,Chưa thực hiện,
14,NCL-03,Lịch phòng và đặt phòng chống trùng,NCL-03-CN-006,Đổi phòng cho khách,"Là Lễ tân, tôi muốn đổi phòng cho khách sang phòng khác còn trống, để xử lý yêu cầu hoặc sự cố phòng.",Lễ tân,Xử lý linh hoạt khi khách cần đổi phòng.,"Lễ tân chuyển đặt phòng sang phòng khác còn trống cùng thời gian, hệ thống tính lại giá nếu khác loại phòng.",Đặt phòng đang giữ phòng hoặc đang lưu trú.,Đặt phòng gắn phòng mới và giá được tính lại.,QTN-08,Quan trọng,,NCL-03-CN-003,Thành viên một,Chưa thực hiện,
15,NCL-04,Nhận phòng và trả phòng,NCL-04-CN-001,Nhận phòng,"Là Lễ tân, tôi muốn làm thủ tục nhận phòng cho khách, để bắt đầu thời gian lưu trú và mở phòng cho khách.",Lễ tân,Bắt đầu lưu trú nhanh và đúng phòng.,"Lễ tân xác nhận khách đến, kiểm tra đặt phòng và chuyển đặt phòng sang đã nhận phòng.",Đặt phòng ở trạng thái đã xác nhận và đúng ngày nhận.,Khách nhận phòng và phòng chuyển sang đang có khách.,QTN-02,Bắt buộc,,NCL-03-CN-003,Thành viên một,Chưa thực hiện,
16,NCL-04,Nhận phòng và trả phòng,NCL-04-CN-002,Trả phòng,"Là Lễ tân, tôi muốn làm thủ tục trả phòng cho khách, để kết thúc lưu trú và chuyển phòng sang cần dọn.",Lễ tân,Kết thúc lưu trú gọn gàng và đưa phòng vào chu trình dọn.,"Lễ tân chốt dịch vụ phụ thu, xác nhận thanh toán rồi chuyển đặt phòng sang đã trả phòng.",Đặt phòng ở trạng thái đã nhận phòng.,"Khách trả phòng, phòng chuyển sang cần dọn.",QTN-05,Bắt buộc,,NCL-04-CN-001,Thành viên một,Chưa thực hiện,
17,NCL-04,Nhận phòng và trả phòng,NCL-04-CN-003,Đánh dấu khách không đến,"Là Lễ tân, tôi muốn đánh dấu khách không đến sau giờ giữ phòng, để giải phóng phòng cho khách khác.",Lễ tân,Giảm thất thu khi khách không đến.,"Khi hết giờ giữ phòng mà khách chưa đến, lễ tân đánh dấu không đến và hệ thống giải phóng phòng.",Đặt phòng đã xác nhận nhưng quá giờ giữ phòng.,Đặt phòng chuyển sang khách không đến và phòng được giải phóng.,QTN-07,Quan trọng,,NCL-03-CN-003,Thành viên một,Chưa thực hiện,
18,NCL-04,Nhận phòng và trả phòng,NCL-04-CN-004,Quản lý khách và lịch sử lưu trú,"Là Lễ tân, tôi muốn tra cứu thông tin khách và lịch sử lưu trú, để phục vụ khách quen tốt hơn.",Lễ tân,Nắm lịch sử khách để chăm sóc phù hợp.,Lễ tân tìm khách theo tên hoặc số điện thoại và xem các lần lưu trú trước.,Đã có dữ liệu khách và đặt phòng.,Lễ tân xem được hồ sơ khách và lịch sử lưu trú.,QTN-10,Quan trọng,,NCL-03-CN-002,Thành viên hai,Chưa thực hiện,
19,NCL-04,Nhận phòng và trả phòng,NCL-04-CN-005,Quản lý khách hàng thân thiết,"Là Chủ cơ sở, tôi muốn quản lý khách hàng thân thiết và điểm tích lũy, để giữ chân khách quay lại.",Chủ cơ sở,Khuyến khích khách quay lại nhờ ưu đãi theo mức thân thiết.,Chủ cơ sở cấu hình mức thân thiết theo điểm tích lũy và xem danh sách khách theo từng mức.,Đã có dữ liệu khách và lịch sử lưu trú.,Khách được xếp mức thân thiết theo điểm tích lũy.,QTN-15,Nên có,,NCL-04-CN-004,Thành viên một,Chưa thực hiện,
20,NCL-04,Nhận phòng và trả phòng,NCL-04-CN-006,Tra cứu hạng khách thân thiết khi phục vụ,"Là Lễ tân, tôi muốn tra cứu hạng khách thân thiết khi nhận phòng, để áp ưu đãi phù hợp cho khách quen.",Lễ tân,Phục vụ khách quen chu đáo và áp đúng ưu đãi.,Lễ tân tìm khách theo tên hoặc số điện thoại và xem hạng thân thiết cùng ưu đãi kèm theo.,Đã có mức thân thiết của khách.,Lễ tân thấy hạng và ưu đãi của khách khi phục vụ.,QTN-15,Nên có,,NCL-04-CN-005,Thành viên hai,Chưa thực hiện,
21,NCL-05,Dịch vụ phụ thu hóa đơn và thanh toán,NCL-05-CN-001,Ghi nhận dịch vụ phụ thu,"Là Lễ tân, tôi muốn ghi nhận dịch vụ phụ thu khách sử dụng, để cộng vào hóa đơn khi trả phòng.",Lễ tân,Không bỏ sót doanh thu dịch vụ.,Lễ tân chọn dịch vụ từ danh mục và gắn vào đặt phòng đang lưu trú kèm số lượng.,Đặt phòng ở trạng thái đã nhận phòng.,Dịch vụ phụ thu được ghi nhận vào đặt phòng.,QTN-12,Bắt buộc,,"NCL-04-CN-001, NCL-02-CN-004",Thành viên hai,Chưa thực hiện,
22,NCL-05,Dịch vụ phụ thu hóa đơn và thanh toán,NCL-05-CN-002,Lập hóa đơn lưu trú,"Là Lễ tân, tôi muốn lập hóa đơn khi khách trả phòng, để tổng hợp tiền phòng và dịch vụ phụ thu.",Lễ tân,Xuất hóa đơn chính xác và minh bạch.,Hệ thống tổng hợp tiền phòng theo số đêm và giá cùng dịch vụ phụ thu trừ giảm giá để tạo hóa đơn.,Đặt phòng đang lưu trú và đã chốt phụ thu.,Hóa đơn được tạo với tổng tiền chính xác.,QTN-12,Bắt buộc,,NCL-05-CN-001,Thành viên ba,Chưa thực hiện,
23,NCL-05,Dịch vụ phụ thu hóa đơn và thanh toán,NCL-05-CN-003,Ghi nhận thanh toán,"Là Kế toán, tôi muốn ghi nhận thanh toán cho hóa đơn, để xác nhận khách đã trả đủ tiền.",Kế toán,Bảo đảm dòng tiền được ghi nhận đầy đủ.,Kế toán hoặc lễ tân ghi nhận số tiền khách trả theo tiền mặt hoặc chuyển khoản cho tới khi đủ.,Hóa đơn ở trạng thái chờ thanh toán.,Hóa đơn chuyển sang đã thanh toán khi thu đủ.,QTN-11,Bắt buộc,,NCL-05-CN-002,Thành viên ba,Chưa thực hiện,
24,NCL-05,Dịch vụ phụ thu hóa đơn và thanh toán,NCL-05-CN-004,Lập hóa đơn điều chỉnh,"Là Kế toán, tôi muốn lập hóa đơn điều chỉnh khi phát hiện sai sót, để sửa số liệu mà vẫn giữ vết hóa đơn gốc.",Kế toán,Sửa sai minh bạch và giữ vết dữ liệu.,"Kế toán tạo hóa đơn điều chỉnh tham chiếu hóa đơn gốc đã thanh toán, nêu lý do và số tiền điều chỉnh.",Hóa đơn gốc đã thanh toán.,Hóa đơn điều chỉnh được tạo và liên kết hóa đơn gốc.,QTN-11,Quan trọng,,NCL-05-CN-003,Thành viên ba,Chưa thực hiện,
25,NCL-05,Dịch vụ phụ thu hóa đơn và thanh toán,NCL-05-CN-005,Quản lý kho đồ dùng,"Là Chủ cơ sở, tôi muốn quản lý kho đồ dùng phục vụ dịch vụ phụ thu, để biết tồn kho và bổ sung kịp thời.",Chủ cơ sở,Tránh thiếu hụt đồ dùng khi phục vụ khách.,"Chủ cơ sở khai báo đồ dùng, số lượng tồn và ngưỡng cảnh báo tồn thấp.",Đã có danh mục dịch vụ phụ thu.,Kho đồ dùng được khai báo và cảnh báo khi tồn thấp.,QTN-16,Nên có,,NCL-02-CN-004,Thành viên một,Chưa thực hiện,
26,NCL-05,Dịch vụ phụ thu hóa đơn và thanh toán,NCL-05-CN-006,Trừ kho khi ghi dịch vụ phụ thu,"Là Lễ tân, tôi muốn hệ thống tự trừ kho đồ dùng khi ghi dịch vụ phụ thu, để tồn kho luôn khớp thực tế sử dụng.",Lễ tân,Giữ tồn kho chính xác theo thực tế phục vụ.,"Khi lễ tân ghi dịch vụ phụ thu có dùng đồ dùng, hệ thống trừ tồn kho tương ứng.",Đã có kho đồ dùng và dịch vụ phụ thu.,Tồn kho giảm đúng theo số lượng dịch vụ đã ghi.,QTN-16,Có thể phát triển sau,,"NCL-05-CN-005, NCL-05-CN-001",Thành viên ba,Chưa thực hiện,
27,NCL-06,Quản lý dọn phòng,NCL-06-CN-001,Xem danh sách phòng cần dọn,"Là Nhân viên buồng phòng, tôi muốn xem danh sách phòng cần dọn, để biết phòng nào phải dọn trước.",Nhân viên buồng phòng,Sắp xếp công việc dọn phòng hợp lý.,Nhân viên buồng phòng xem danh sách phòng đang ở trạng thái cần dọn theo thứ tự ưu tiên.,Có phòng ở trạng thái cần dọn.,Nhân viên buồng phòng thấy danh sách phòng cần dọn.,QTN-05,Quan trọng,,NCL-04-CN-002,Thành viên hai,Chưa thực hiện,
28,NCL-06,Quản lý dọn phòng,NCL-06-CN-002,Cập nhật trạng thái dọn phòng,"Là Nhân viên buồng phòng, tôi muốn cập nhật phòng thành sẵn sàng sau khi dọn, để lễ tân nhận khách mới.",Nhân viên buồng phòng,Đưa phòng trở lại vòng phục vụ nhanh.,Nhân viên buồng phòng đánh dấu phòng đã dọn xong và hệ thống chuyển phòng sang sẵn sàng.,Phòng ở trạng thái cần dọn.,Phòng chuyển sang sẵn sàng để nhận khách.,QTN-05,Quan trọng,,NCL-06-CN-001,Thành viên ba,Chưa thực hiện,
29,NCL-06,Quản lý dọn phòng,NCL-06-CN-003,Khóa phòng bảo trì,"Là Chủ cơ sở, tôi muốn khóa phòng để bảo trì, để phòng đó không nhận đặt trong thời gian sửa chữa.",Chủ cơ sở,Tránh nhận khách vào phòng đang hỏng.,Chủ cơ sở đặt phòng vào trạng thái bảo trì trong một khoảng thời gian và mở lại khi xong.,Phòng đang sẵn sàng.,Phòng chuyển sang bảo trì và không nhận đặt.,QTN-01,Nên có,,NCL-02-CN-002,Thành viên một,Chưa thực hiện,
30,NCL-07,Báo cáo công suất và doanh thu,NCL-07-CN-001,Báo cáo công suất phòng,"Là Chủ cơ sở, tôi muốn xem báo cáo công suất phòng, để biết mức lấp đầy theo thời gian.",Chủ cơ sở,Đánh giá hiệu quả khai thác phòng.,Hệ thống tính tỷ lệ phòng có khách trên tổng phòng theo ngày và theo khoảng thời gian.,Có dữ liệu đặt phòng và phòng.,Chủ cơ sở xem được công suất theo thời gian.,QTN-10,Bắt buộc,,NCL-04-CN-001,Thành viên hai,Chưa thực hiện,
31,NCL-07,Báo cáo công suất và doanh thu,NCL-07-CN-002,Báo cáo doanh thu,"Là Chủ cơ sở, tôi muốn xem báo cáo doanh thu, để biết tiền phòng và dịch vụ mang lại theo thời gian.",Chủ cơ sở,Ra quyết định giá và vận hành theo doanh thu.,"Hệ thống tổng hợp doanh thu tiền phòng và dịch vụ phụ thu theo ngày, loại phòng và khoảng thời gian.",Có dữ liệu hóa đơn.,Chủ cơ sở xem được doanh thu theo thời gian và loại phòng.,QTN-10,Bắt buộc,,NCL-05-CN-002,Thành viên hai,Chưa thực hiện,
32,NCL-07,Báo cáo công suất và doanh thu,NCL-07-CN-003,Xuất báo cáo,"Là Kế toán, tôi muốn xuất báo cáo ra tệp, để lưu trữ và chia sẻ với chủ cơ sở.",Kế toán,Lưu và chia sẻ số liệu ngoài hệ thống.,Kế toán chọn báo cáo và khoảng thời gian rồi xuất ra tệp để tải về.,Có báo cáo công suất hoặc doanh thu.,Tệp báo cáo được tạo và tải về.,QTN-10,Nên có,,NCL-07-CN-002,Thành viên ba,Chưa thực hiện,
33,NCL-07,Báo cáo công suất và doanh thu,NCL-07-CN-004,Bảng điều khiển doanh thu nâng cao,"Là Chủ cơ sở, tôi muốn xem bảng điều khiển doanh thu trực quan theo nhiều chiều, để nắm nhanh tình hình kinh doanh.",Chủ cơ sở,Nhìn nhanh doanh thu theo thời gian và loại phòng để ra quyết định.,"Chủ cơ sở xem biểu đồ doanh thu theo thời gian, theo loại phòng và các chỉ số chính trên một màn hình.",Đã có báo cáo doanh thu cơ bản.,Chủ cơ sở thấy bảng điều khiển doanh thu khớp dữ liệu hóa đơn.,QTN-10,Nên có,,NCL-07-CN-002,Thành viên hai,Chưa thực hiện,
34,NCL-07,Báo cáo công suất và doanh thu,NCL-07-CN-005,Dự báo công suất theo mùa,"Là Chủ cơ sở, tôi muốn xem dự báo công suất phòng theo mùa dựa trên dữ liệu quá khứ, để chuẩn bị nhân sự và giá phù hợp.",Chủ cơ sở,Chủ động chuẩn bị cho mùa cao điểm và thấp điểm.,Hệ thống ước tính công suất phòng sắp tới theo mùa dựa trên công suất các kỳ trước.,Đã có báo cáo công suất phòng.,Chủ cơ sở thấy dự báo công suất theo mùa kèm ghi chú giả định.,QTN-10,Có thể phát triển sau,,NCL-07-CN-001,Thành viên ba,Chưa thực hiện,
35,NCL-08,Thông báo và lịch sử hoạt động,NCL-08-CN-001,Nhắc nhận phòng và trả phòng,"Là Lễ tân, tôi muốn nhận nhắc các đặt phòng sắp nhận và sắp trả, để chuẩn bị phục vụ đúng lúc.",Lễ tân,Không bỏ sót mốc nhận phòng và trả phòng.,Hệ thống hiển thị và gửi nhắc các đặt phòng có ngày nhận hoặc ngày trả trong ngày.,Có đặt phòng với ngày nhận hoặc trả trong ngày.,Lễ tân nhận được nhắc các mốc lưu trú trong ngày.,QTN-10,Quan trọng,,NCL-03-CN-003,Thành viên hai,Chưa thực hiện,
36,NCL-08,Thông báo và lịch sử hoạt động,NCL-08-CN-002,Xem lịch sử hoạt động,"Là Quản trị viên, tôi muốn xem lịch sử hoạt động, để truy vết các thay đổi quan trọng.",Quản trị viên,Tăng khả năng truy vết và kiểm soát.,"Quản trị viên xem nhật ký các thao tác thay đổi trạng thái đặt phòng, phòng và hóa đơn.",Đã có nhật ký hoạt động.,Quản trị viên tra cứu được lịch sử thao tác.,QTN-10,Quan trọng,,NCL-01-CN-003,Thành viên ba,Chưa thực hiện,
37,NCL-08,Thông báo và lịch sử hoạt động,NCL-08-CN-003,Thông báo nội bộ phòng cần dọn,"Là Nhân viên buồng phòng, tôi muốn nhận thông báo khi có phòng mới cần dọn, để xử lý kịp thời.",Nhân viên buồng phòng,Rút ngắn thời gian phòng chờ dọn.,"Khi một phòng chuyển sang cần dọn, hệ thống gửi thông báo nội bộ cho nhân viên buồng phòng.",Có phòng vừa chuyển sang cần dọn.,Nhân viên buồng phòng nhận được thông báo phòng cần dọn.,QTN-05,Có thể phát triển sau,,NCL-06-CN-002,Thành viên hai,Chưa thực hiện,
38,NCL-08,Thông báo và lịch sử hoạt động,NCL-08-CN-004,Mô phỏng nhận đặt phòng từ kênh,"Là Lễ tân, tôi muốn nạp đặt phòng mô phỏng từ kênh bên ngoài, để thử nghiệm luồng hợp nhất nhiều kênh.",Lễ tân,Kiểm chứng khả năng hợp nhất đặt phòng đa kênh.,Hệ thống nạp một tệp đặt phòng mô phỏng từ kênh bên ngoài và đưa vào lịch phòng chung để chống trùng.,Có tệp đặt phòng mô phỏng.,Đặt phòng từ kênh được đưa vào lịch chung và kiểm tra trùng.,QTN-01,Có thể phát triển sau,,NCL-03-CN-003,Thành viên ba,Chưa thực hiện,
39,NCL-08,Thông báo và lịch sử hoạt động,NCL-08-CN-005,Trải nghiệm lễ tân trên thiết bị di động,"Là Lễ tân, tôi muốn thao tác nhận phòng và trả phòng trên điện thoại, để phục vụ khách linh hoạt ngoài quầy.",Lễ tân,Phục vụ khách nhanh ngay cả khi rời quầy lễ tân.,"Lễ tân dùng giao diện di động gọn để xem lịch phòng, nhận phòng và trả phòng.",Đã có chức năng nhận phòng và trả phòng.,Lễ tân thao tác được các bước chính trên thiết bị di động.,QTN-09,Nên có,,"NCL-04-CN-001, NCL-04-CN-002",Thành viên hai,Chưa thực hiện,
40,NCL-09,Cổng đặt phòng trực tiếp cho khách,NCL-09-CN-001,Khách xem phòng trống,"Là Khách lưu trú, tôi muốn xem các phòng còn trống theo ngày và giá, để chọn phòng phù hợp trước khi đặt.",Khách lưu trú,Giúp khách tự tìm phòng trống mà không cần gọi điện.,Khách chọn khoảng thời gian và xem danh sách phòng còn trống kèm giá theo mùa.,Cơ sở đã khai báo phòng và giá.,Khách thấy danh sách phòng trống đúng theo ngày đã chọn.,QTN-01,Nên có,,"NCL-02-CN-002, NCL-02-CN-003",Thành viên hai,Chưa thực hiện,
41,NCL-09,Cổng đặt phòng trực tiếp cho khách,NCL-09-CN-002,Khách gửi yêu cầu đặt phòng,"Là Khách lưu trú, tôi muốn gửi yêu cầu đặt phòng trực tuyến, để giữ chỗ trước khi liên hệ trực tiếp.",Khách lưu trú,Giúp khách gửi yêu cầu đặt phòng mọi lúc mà không cần gọi điện.,"Khách chọn phòng trống, nhập thông tin liên hệ và gửi yêu cầu đặt phòng chờ lễ tân duyệt.",Khách đã xem được phòng trống.,Yêu cầu đặt phòng được ghi nhận ở trạng thái chờ duyệt.,QTN-13,Nên có,,NCL-09-CN-001,Thành viên hai,Chưa thực hiện,
42,NCL-09,Cổng đặt phòng trực tiếp cho khách,NCL-09-CN-003,Lễ tân duyệt yêu cầu đặt phòng,"Là Lễ tân, tôi muốn duyệt hoặc từ chối yêu cầu đặt phòng từ cổng, để chuyển yêu cầu hợp lệ thành đặt phòng chính thức.",Lễ tân,Kiểm soát chất lượng yêu cầu và tránh nhận trùng phòng.,"Lễ tân xem danh sách yêu cầu chờ duyệt, kiểm tra phòng trống rồi duyệt thành đặt phòng hoặc từ chối kèm lý do.",Có yêu cầu đặt phòng ở trạng thái chờ duyệt.,Yêu cầu được duyệt thành đặt phòng hoặc bị từ chối và khách được thông báo.,QTN-13,Quan trọng,,"NCL-09-CN-002, NCL-03-CN-002",Thành viên ba,Chưa thực hiện,
43,NCL-09,Cổng đặt phòng trực tiếp cho khách,NCL-09-CN-004,Khách đánh giá sau lưu trú,"Là Khách lưu trú, tôi muốn gửi đánh giá sau khi trả phòng, để chia sẻ trải nghiệm và giúp cơ sở cải thiện.",Khách lưu trú,Thu thập phản hồi thật từ khách đã lưu trú.,Khách đã trả phòng chấm điểm và viết nhận xét về lần lưu trú của mình.,Khách đã hoàn tất trả phòng.,Đánh giá của khách được ghi nhận và gắn với lần lưu trú.,QTN-14,Có thể phát triển sau,,NCL-04-CN-002,Thành viên hai,Chưa thực hiện,
44,NCL-09,Cổng đặt phòng trực tiếp cho khách,NCL-09-CN-005,Chủ cơ sở phản hồi đánh giá,"Là Chủ cơ sở, tôi muốn phản hồi đánh giá của khách, để thể hiện sự cầu thị và cải thiện hình ảnh cơ sở.",Chủ cơ sở,Tăng niềm tin của khách qua phản hồi công khai.,Chủ cơ sở đọc đánh giá và viết phản hồi gắn với từng đánh giá của khách.,Đã có đánh giá của khách.,Phản hồi được lưu và hiển thị kèm đánh giá.,QTN-14,Có thể phát triển sau,,NCL-09-CN-004,Thành viên hai,Chưa thực hiện,
45,NCL-10,Quản trị hệ thống và cấu hình cơ sở,NCL-10-CN-001,Cấu hình thông tin cơ sở,"Là Quản trị viên, tôi muốn khai báo thông tin cơ sở lưu trú, để các màn hình và hóa đơn hiển thị đúng nhận diện của cơ sở.",Quản trị viên,Chuẩn hóa nhận diện cơ sở trên toàn hệ thống.,"Quản trị viên nhập tên cơ sở, địa chỉ, thông tin liên hệ, giờ nhận phòng và giờ trả phòng mặc định.",Quản trị viên đã đăng nhập.,Thông tin cơ sở được lưu và áp dụng cho toàn hệ thống.,QTN-09,Quan trọng,,NCL-01-CN-001,Thành viên một,Chưa thực hiện,
46,NCL-10,Quản trị hệ thống và cấu hình cơ sở,NCL-10-CN-002,Cấu hình chính sách hủy,"Là Chủ cơ sở, tôi muốn cấu hình chính sách hủy đặt phòng, để việc hủy và tính phí hủy áp dụng nhất quán.",Chủ cơ sở,Áp dụng chính sách hủy rõ ràng và công bằng.,Chủ cơ sở khai báo thời hạn hủy miễn phí và mức phí hủy khi quá hạn theo loại phòng.,Đã có thông tin cơ sở.,Chính sách hủy được lưu và áp dụng khi hủy đặt phòng.,QTN-06,Quan trọng,,NCL-10-CN-001,Thành viên một,Chưa thực hiện,
47,NCL-10,Quản trị hệ thống và cấu hình cơ sở,NCL-10-CN-003,Nhập dữ liệu ban đầu,"Là Quản trị viên, tôi muốn nhập dữ liệu phòng và khách từ tệp có sẵn, để cơ sở nhanh chóng đưa hệ thống vào dùng.",Quản trị viên,Rút ngắn thời gian khởi tạo dữ liệu ban đầu.,"Quản trị viên tải lên tệp danh sách phòng và khách, hệ thống kiểm tra và nạp dữ liệu hợp lệ.",Đã có thông tin cơ sở và tệp dữ liệu theo mẫu.,Dữ liệu hợp lệ được nạp vào hệ thống và bỏ qua dòng lỗi.,QTN-17,Nên có,,"NCL-10-CN-001, NCL-02-CN-002",Thành viên ba,Chưa thực hiện,
48,NCL-10,Quản trị hệ thống và cấu hình cơ sở,NCL-10-CN-004,Xuất dữ liệu hệ thống,"Là Quản trị viên, tôi muốn xuất dữ liệu đặt phòng và hóa đơn ra tệp, để lưu trữ ngoài hệ thống và phục vụ đối soát.",Quản trị viên,Giữ bản sao dữ liệu ngoài hệ thống để đối soát và lưu trữ.,Quản trị viên chọn khoảng thời gian và loại dữ liệu để xuất ra tệp tải về.,Quản trị viên đã đăng nhập và có dữ liệu để xuất.,Hệ thống tạo tệp dữ liệu đúng phạm vi được chọn.,QTN-17,Nên có,,NCL-10-CN-001,Thành viên ba,Chưa thực hiện,
49,NCL-10,Quản trị hệ thống và cấu hình cơ sở,NCL-10-CN-005,Sao lưu và phục hồi dữ liệu,"Là Quản trị viên, tôi muốn sao lưu và phục hồi dữ liệu, để bảo vệ hệ thống khi có sự cố mất dữ liệu.",Quản trị viên,Giảm rủi ro mất dữ liệu và phục hồi nhanh khi sự cố.,Quản trị viên tạo bản sao lưu định kỳ và phục hồi hệ thống từ bản sao lưu đã chọn.,Đã có chức năng xuất dữ liệu.,Hệ thống tạo được bản sao lưu và phục hồi từ bản sao lưu hợp lệ.,QTN-17,Có thể phát triển sau,,NCL-10-CN-004,Thành viên ba,Chưa thực hiện,
50,NCL-11,"Tiền đặt cọc, phí hủy và hoàn tiền",NCL-11-CN-001,Cấu hình chính sách đặt cọc,"Là Chủ cơ sở, tôi muốn đặt tỷ lệ tiền cọc cho từng loại phòng và từng mùa, để mỗi đặt phòng đều có mức cọc rõ ràng mà lễ tân không phải hỏi lại.",Chủ cơ sở,"Chuẩn hóa mức cọc, tránh mỗi lễ tân thu một kiểu và tránh tranh cãi với khách.","Chủ cơ sở khai báo tỷ lệ phần trăm tiền cọc trên tổng tiền phòng dự kiến, áp riêng cho từng loại phòng và từng mùa, kèm mốc thời hạn hủy miễn phí đi kèm.",Cơ sở đã khai báo loại phòng và giá theo mùa.,Mỗi loại phòng trong mỗi mùa có một tỷ lệ cọc xác định để hệ thống tự tính khi đặt phòng.,QTN-18,Bắt buộc,3,"NCL-02-CN-003, NCL-10-CN-002",Thành viên một,Chưa thực hiện,
51,NCL-11,"Tiền đặt cọc, phí hủy và hoàn tiền",NCL-11-CN-002,Ghi nhận tiền đặt cọc,"Là Lễ tân, tôi muốn ghi nhận khoản tiền cọc khách đã nộp khi xác nhận đặt phòng, để cơ sở giữ được cam kết của khách và biết còn phải thu bao nhiêu khi trả phòng.",Lễ tân,"Ràng buộc khách bằng tiền thật, giảm hủy sát ngày và giảm thất thu.","Khi lễ tân xác nhận đặt phòng, hệ thống tính số tiền cọc theo chính sách rồi cho lễ tân ghi nhận số tiền khách thực nộp cùng hình thức nộp.",Đặt phòng đã được tạo và cơ sở đã cấu hình tỷ lệ cọc cho loại phòng tương ứng.,"Đặt phòng có một khoản cọc ở trạng thái đã thu, gắn với đúng đặt phòng đó.",QTN-18,Bắt buộc,5,"NCL-11-CN-001, NCL-03-CN-003",Thành viên ba,Chưa thực hiện,
52,NCL-11,"Tiền đặt cọc, phí hủy và hoàn tiền",NCL-11-CN-003,Trừ tiền cọc vào hóa đơn khi trả phòng,"Là Lễ tân, tôi muốn hệ thống tự trừ tiền cọc đã thu vào hóa đơn lúc trả phòng, để chỉ thu thêm đúng phần khách còn thiếu và không thu trùng.",Lễ tân,Tránh thu trùng tiền của khách và tránh sai lệch giữa tiền cọc với doanh thu.,"Khi lập hóa đơn lưu trú, hệ thống tìm khoản cọc của đặt phòng, trừ vào tổng tiền và hiển thị rõ số còn phải trả.",Đặt phòng có khoản cọc ở trạng thái đã thu và khách đang làm thủ tục trả phòng.,"Hóa đơn thể hiện tổng tiền, số tiền cọc đã trừ và số còn phải trả, khoản cọc chuyển sang trạng thái đã trừ vào hóa đơn.",QTN-12,Bắt buộc,3,"NCL-11-CN-002, NCL-05-CN-002",Thành viên ba,Chưa thực hiện,
53,NCL-11,"Tiền đặt cọc, phí hủy và hoàn tiền",NCL-11-CN-004,Tính phí hủy theo chính sách,"Là Lễ tân, tôi muốn hệ thống tự tính phí hủy dựa trên thời điểm khách hủy, để thu đúng phí mà không phải tra cứu chính sách bằng tay.",Lễ tân,Bảo vệ doanh thu khi khách hủy sát ngày và làm rõ căn cứ tính phí với khách.,"Khi lễ tân hủy đặt phòng có cọc, hệ thống so ngày hủy với các mốc trong chính sách rồi tính phần phí giữ lại và phần hoàn cho khách.",Đặt phòng có khoản cọc đã thu và cơ sở đã cấu hình các mốc thời hạn hủy.,"Hệ thống hiển thị số phí hủy và số tiền sẽ hoàn, chờ lễ tân xác nhận.",QTN-19,Bắt buộc,5,"NCL-11-CN-002, NCL-03-CN-005",Thành viên ba,Chưa thực hiện,
54,NCL-11,"Tiền đặt cọc, phí hủy và hoàn tiền",NCL-11-CN-005,Hoàn tiền cọc cho khách,"Là Kế toán, tôi muốn ghi nhận việc hoàn phần tiền cọc còn lại cho khách, để khoản cọc được quyết toán dứt điểm và không treo trên sổ.",Kế toán,"Đóng vòng đời của khoản cọc, giúp đối soát tiền cuối kỳ khớp nhau.","Sau khi hủy đặt phòng và tính xong phí hủy, kế toán ghi nhận đã hoàn phần còn lại cho khách kèm hình thức hoàn và thời điểm hoàn.",Khoản cọc đã được tính phí hủy và còn phần phải hoàn lớn hơn không.,"Khoản cọc chuyển sang trạng thái đã hoàn, phần phí giữ lại được ghi vào doanh thu.",QTN-19,Bắt buộc,5,NCL-11-CN-004,Thành viên ba,Chưa thực hiện,
55,NCL-11,"Tiền đặt cọc, phí hủy và hoàn tiền",NCL-11-CN-006,Xử lý tiền cọc khi khách không đến,"Là Lễ tân, tôi muốn hệ thống tự xử lý khoản cọc khi đánh dấu khách không đến, để phòng được giải phóng và tiền cọc không bị bỏ quên.",Lễ tân,Biến khoản cọc treo thành doanh thu hợp lệ và giải phóng phòng để bán tiếp.,"Khi lễ tân đánh dấu khách không đến, hệ thống chuyển toàn bộ khoản cọc thành phí phạt theo chính sách và trả phòng về trạng thái sẵn sàng.","Đặt phòng đã quá giờ giữ phòng, có khoản cọc chưa quyết toán.","Khoản cọc chuyển sang đã chuyển thành phí phạt, phòng trở lại sẵn sàng để bán.",QTN-20,Bắt buộc,3,"NCL-11-CN-002, NCL-04-CN-003",Thành viên bốn,Chưa thực hiện,
56,NCL-03,Lịch phòng và đặt phòng chống trùng,NCL-03-CN-007,Khóa lạc quan theo số phiên bản,"Là Lễ tân, tôi muốn hệ thống từ chối thao tác dựa trên dữ liệu đã cũ, để không ghi đè mất thay đổi mà đồng nghiệp vừa thực hiện.",Lễ tân,"Ngăn mất dữ liệu âm thầm khi hai người cùng sửa một đặt phòng, đây là chỗ phần mềm quản lý lưu trú hay hỏng nhất.","Mỗi đặt phòng mang một số phiên bản tăng dần. Màn hình gửi kèm số phiên bản khi ghi, máy chủ chỉ chấp nhận nếu số phiên bản còn khớp.",Chức năng gán phòng và sửa đặt phòng đã chạy được.,Mọi thao tác ghi lên đặt phòng đều đi qua kiểm tra số phiên bản.,QTN-21,Bắt buộc,5,NCL-03-CN-004,Thành viên ba,Chưa thực hiện,
57,NCL-03,Lịch phòng và đặt phòng chống trùng,NCL-03-CN-008,Trang minh chứng chống tranh chấp đồng thời,"Là Chủ cơ sở, tôi muốn xem bằng chứng cho thấy hệ thống thật sự chặn được đặt trùng khi nhiều người thao tác cùng lúc, để tin vào con số phòng trống mà hệ thống báo.",Chủ cơ sở,"Biến một khẳng định kỹ thuật thành bằng chứng xem được, dùng trực tiếp khi bảo vệ đồ án.","Một trang trong phần quản trị chạy kịch bản nhiều yêu cầu gán cùng một phòng cùng lúc, rồi hiển thị số yêu cầu thành công, số bị từ chối và nhật ký từng lần va chạm.",Khóa lạc quan theo số phiên bản đã hoạt động.,Có một trang hiển thị kết quả kiểm thử đồng thời với số liệu thật chạy tại chỗ.,QTN-21,Nên có,3,NCL-03-CN-007,Thành viên bốn,Chưa thực hiện,
58,NCL-04,Nhận phòng và trả phòng,NCL-04-CN-007,Gia hạn thêm đêm cho khách đang ở,"Là Lễ tân, tôi muốn gia hạn thêm đêm cho khách đang lưu trú, để giữ khách ở lại mà không phải hủy rồi tạo đặt phòng mới.",Lễ tân,Giữ được doanh thu phát sinh thêm và tránh sai sót do phải làm thủ công.,"Lễ tân chọn số đêm muốn thêm, hệ thống kiểm tra chính phòng đó còn trống các đêm nối tiếp rồi nối thêm vào kỳ lưu trú và tính thêm tiền phòng.",Khách đang ở trạng thái đã nhận phòng và chưa trả phòng.,"Kỳ lưu trú kéo dài thêm đúng số đêm, hóa đơn nháp cập nhật thêm tiền phòng tương ứng.",QTN-22,Bắt buộc,5,"NCL-04-CN-001, NCL-03-CN-003",Thành viên một,Chưa thực hiện,
59,NCL-04,Nhận phòng và trả phòng,NCL-04-CN-008,Nâng hạng phòng giữa kỳ lưu trú,"Là Lễ tân, tôi muốn chuyển khách sang phòng hạng cao hơn giữa kỳ lưu trú, để phục vụ nhu cầu của khách và thu thêm phần chênh lệch giá.",Lễ tân,Tăng doanh thu trên mỗi lượt khách và xử lý được tình huống khách phàn nàn về phòng.,"Lễ tân chọn phòng hạng cao hơn còn trống trọn phần thời gian còn lại, hệ thống chuyển khách và tính chênh lệch giá cho những đêm còn lại.",Khách đang lưu trú và còn ít nhất một đêm chưa ở.,"Khách chuyển sang phòng mới, hóa đơn nháp cộng thêm phần chênh lệch của các đêm còn lại.",QTN-22,Quan trọng,5,"NCL-04-CN-001, NCL-03-CN-006",Thành viên một,Chưa thực hiện,
60,NCL-12,Khai báo lưu trú và bảo vệ dữ liệu cá nhân của khách,NCL-12-CN-001,Ghi nhận giấy tờ tùy thân khi nhận phòng,"Là Lễ tân, tôi muốn ghi nhận giấy tờ tùy thân của khách ngay khi nhận phòng, để có đủ dữ liệu khai báo lưu trú trong ngày.",Lễ tân,Không phải chạy đi hỏi lại khách vào buổi tối khi sắp tới hạn khai báo.,"Trong màn hình nhận phòng, lễ tân nhập họ tên, số định danh cá nhân hoặc số hộ chiếu và lý do lưu trú cho từng khách trong phòng, kể cả khách đi cùng.",Đặt phòng đã xác nhận và khách đang làm thủ tục nhận phòng.,Mỗi khách trong phòng có một bản ghi giấy tờ đủ trường bắt buộc để khai báo.,QTN-23,Bắt buộc,3,NCL-04-CN-001,Thành viên bốn,Chưa thực hiện,
61,NCL-12,Khai báo lưu trú và bảo vệ dữ liệu cá nhân của khách,NCL-12-CN-002,Lập danh sách khai báo lưu trú theo ngày,"Là Lễ tân, tôi muốn xem danh sách khách cần khai báo lưu trú trong ngày, để làm đúng nghĩa vụ thông báo trước mốc thời hạn quy định.",Lễ tân,Tránh bị xử phạt hành chính do quên hoặc chậm thông báo lưu trú.,"Hệ thống gom tất cả khách nhận phòng trong ngày thành một danh sách khai báo, đánh dấu khách nào còn thiếu giấy tờ và nhắc lễ tân trước mốc 23 giờ.",Đã có khách nhận phòng trong ngày và đã ghi nhận giấy tờ tùy thân.,"Có một danh sách khai báo cho mỗi ngày, nêu rõ đã đủ dữ liệu hay còn thiếu.",QTN-23,Bắt buộc,5,NCL-12-CN-001,Thành viên bốn,Chưa thực hiện,
62,NCL-12,Khai báo lưu trú và bảo vệ dữ liệu cá nhân của khách,NCL-12-CN-003,Kết xuất tệp khai báo lưu trú,"Là Lễ tân, tôi muốn kết xuất danh sách khai báo ra tệp theo mẫu, để nộp cho cơ quan đăng ký cư trú mà không phải gõ lại từng người.",Lễ tân,Rút thời gian khai báo từ mười lăm phút gõ tay xuống một lần bấm nút.,"Hệ thống kết xuất danh sách khách trong ngày ra tệp bảng tính theo mẫu đã thống nhất, gồm họ tên, số giấy tờ, lý do lưu trú, thời gian lưu trú và địa chỉ lưu trú.",Danh sách khai báo của ngày đã đủ dữ liệu bắt buộc.,Có một tệp kết xuất và một dấu vết ghi lại lần kết xuất đó.,QTN-23,Bắt buộc,3,NCL-12-CN-002,Thành viên bốn,Chưa thực hiện,
63,NCL-12,Khai báo lưu trú và bảo vệ dữ liệu cá nhân của khách,NCL-12-CN-004,Che thông tin cá nhân theo vai trò,"Là Chủ cơ sở, tôi muốn số giấy tờ của khách chỉ hiện đầy đủ với người thực sự cần, để cơ sở không làm lộ dữ liệu cá nhân của khách.",Chủ cơ sở,Giảm rủi ro lộ dữ liệu cá nhân và làm đúng nghĩa vụ theo Luật Bảo vệ dữ liệu cá nhân.,"Số định danh cá nhân và số hộ chiếu hiển thị đầy đủ với Lễ tân đang phục vụ và Chủ cơ sở, còn các vai trò khác chỉ thấy bốn số cuối, phần đầu thay bằng dấu sao.",Đã có dữ liệu giấy tờ tùy thân của khách trong hệ thống.,Mọi màn hình và mọi tệp kết xuất đều áp đúng mức che theo vai trò người đang đăng nhập.,QTN-24,Bắt buộc,5,"NCL-12-CN-001, NCL-01-CN-003",Thành viên bốn,Chưa thực hiện,
64,NCL-12,Khai báo lưu trú và bảo vệ dữ liệu cá nhân của khách,NCL-12-CN-005,Xóa dữ liệu cá nhân của khách theo yêu cầu,"Là Quản trị viên, tôi muốn xóa dữ liệu cá nhân của một khách khi khách yêu cầu, để cơ sở đáp ứng đúng quyền của khách theo pháp luật.",Quản trị viên,Đáp ứng quyền yêu cầu xóa dữ liệu mà Luật Bảo vệ dữ liệu cá nhân trao cho khách.,"Quản trị viên tiếp nhận yêu cầu, hệ thống kiểm tra khách còn ràng buộc hóa đơn chưa quyết toán không, rồi xóa dữ liệu cá nhân nhưng vẫn giữ số liệu doanh thu ở dạng không định danh.",Khách gửi yêu cầu xóa và đã hoàn tất mọi nghĩa vụ thanh toán.,"Dữ liệu cá nhân của khách bị xóa, các bản ghi doanh thu vẫn còn nhưng không còn truy ra được người cụ thể.",QTN-24,Quan trọng,3,NCL-12-CN-004,Thành viên bốn,Chưa thực hiện,
65,NCL-12,Khai báo lưu trú và bảo vệ dữ liệu cá nhân của khách,NCL-12-CN-006,Nhật ký truy cập dữ liệu cá nhân,"Là Chủ cơ sở, tôi muốn biết ai đã xem hoặc kết xuất dữ liệu cá nhân của khách, để truy được trách nhiệm khi có sự cố lộ thông tin.",Chủ cơ sở,"Có bằng chứng khi cần giải trình, và bản thân việc ghi nhật ký làm người dùng cẩn trọng hơn.","Hệ thống ghi lại mọi lần xem đầy đủ số giấy tờ và mọi lần kết xuất danh sách có dữ liệu cá nhân, cho phép lọc theo người dùng và theo khoảng thời gian.",Đã có lớp che dữ liệu theo vai trò hoạt động.,"Có một trang nhật ký truy cập tra cứu được, chỉ Chủ cơ sở và Quản trị viên xem được.",QTN-24,Quan trọng,3,"NCL-12-CN-004, NCL-08-CN-002",Thành viên bốn,Chưa thực hiện,
66,NCL-13,Đặt phòng theo đoàn,NCL-13-CN-001,Tạo hồ sơ đặt phòng theo đoàn,"Là Lễ tân, tôi muốn tạo một hồ sơ đặt phòng cho cả đoàn khách, để không phải nhập lặp thông tin liên hệ cho từng phòng.",Lễ tân,Rút thời gian nhận một đoàn mười phòng từ nửa tiếng xuống vài phút.,"Lễ tân nhập thông tin người đại diện đoàn, khoảng ngày lưu trú và số phòng cần theo từng loại phòng, hệ thống tạo một hồ sơ đoàn gồm nhiều dòng phòng chưa gán.",Cơ sở đã khai báo loại phòng và giá.,"Có một hồ sơ đoàn ở trạng thái mới tạo, gồm đúng số dòng phòng đã yêu cầu.",QTN-25,Quan trọng,5,NCL-03-CN-002,Thành viên hai,Chưa thực hiện,
67,NCL-13,Đặt phòng theo đoàn,NCL-13-CN-002,Gán phòng hàng loạt cho đoàn,"Là Lễ tân, tôi muốn gán phòng cho cả đoàn trong một lần thao tác, để không phải kéo từng phòng trên lịch và không sót phòng nào.",Lễ tân,Giảm sai sót khi gán nhiều phòng và bảo đảm không phòng nào bị trùng.,"Hệ thống gợi ý danh sách phòng còn trống đủ số lượng theo loại, lễ tân duyệt rồi gán cả loạt trong một giao dịch, thành công trọn vẹn hoặc không thay đổi gì.",Hồ sơ đoàn đã tạo và còn dòng phòng chưa gán.,"Mọi dòng phòng trong đoàn đều được gán phòng cụ thể, hồ sơ đoàn chuyển sang đã xác nhận.",QTN-25,Quan trọng,5,"NCL-13-CN-001, NCL-03-CN-007",Thành viên hai,Chưa thực hiện,
68,NCL-13,Đặt phòng theo đoàn,NCL-13-CN-003,Tách hoặc gộp hóa đơn cho đoàn,"Là Kế toán, tôi muốn chọn xuất một hóa đơn chung cho cả đoàn hoặc hóa đơn riêng từng phòng, để đáp ứng cách thanh toán mà đoàn khách yêu cầu.",Kế toán,Phục vụ được cả đoàn công ty trả gộp lẫn đoàn bạn bè chia tiền từng phòng.,"Khi đoàn trả phòng, kế toán chọn gộp toàn bộ tiền phòng và phụ thu vào một hóa đơn, hoặc tách thành nhiều hóa đơn theo từng phòng.",Hồ sơ đoàn đã xác nhận và các phòng đã nhận phòng.,"Đoàn có hóa đơn theo đúng cách đã chọn, tổng tiền các hóa đơn bằng tổng tiền của đoàn.",QTN-12,Nên có,3,"NCL-13-CN-002, NCL-05-CN-002",Thành viên ba,Chưa thực hiện,
69,NCL-13,Đặt phòng theo đoàn,NCL-13-CN-004,Hủy một phần số phòng trong đoàn,"Là Lễ tân, tôi muốn hủy bớt vài phòng trong đoàn mà không hủy cả hồ sơ, để xử lý được tình huống đoàn giảm số người sát ngày đến.",Lễ tân,Giữ lại phần lớn doanh thu của đoàn thay vì mất trắng cả hồ sơ.,"Lễ tân chọn những phòng cần bỏ trong hồ sơ đoàn, hệ thống giải phóng đúng những phòng đó, tính lại tổng tiền đoàn và áp phí hủy theo chính sách cho phần bị bỏ.",Hồ sơ đoàn đã xác nhận và chưa nhận phòng.,"Hồ sơ đoàn còn lại đúng số phòng giữ lại, các phòng bỏ trở về trạng thái trống.",QTN-25,Nên có,3,"NCL-13-CN-002, NCL-11-CN-004",Thành viên hai,Chưa thực hiện,
70,NCL-14,Hoàn thiện chất lượng và bàn giao,NCL-14-CN-001,Kiểm thử đầu cuối toàn luồng lưu trú,"Là Chủ cơ sở, tôi muốn có một bộ kiểm thử chạy trọn luồng từ đặt phòng tới quyết toán, để tin rằng các phần ghép lại vẫn chạy đúng chứ không chỉ đúng từng phần.",Chủ cơ sở,"Phát hiện lỗi ở chỗ nối giữa các nhóm chức năng, vốn là nơi lỗi hay ẩn nhất.","Bộ kiểm thử tự động chạy kịch bản đặt phòng, thu cọc, gán phòng, nhận phòng, ghi phụ thu, gia hạn, trả phòng, trừ cọc, thanh toán, dọn phòng và lên báo cáo.",Toàn bộ nhóm chức năng từ NCL-01 đến NCL-13 đã hoàn thành.,Bộ kiểm thử chạy một lệnh và báo kết quả từng bước trong luồng.,QTN-10,Bắt buộc,5,"NCL-11-CN-003, NCL-06-CN-002, NCL-07-CN-002",Thành viên bốn,Chưa thực hiện,
71,NCL-14,Hoàn thiện chất lượng và bàn giao,NCL-14-CN-002,Dựng bộ dữ liệu trình diễn,"Là Chủ cơ sở, tôi muốn có sẵn dữ liệu mô phỏng giống thật khi mở hệ thống lên, để buổi trình diễn thuyết phục thay vì màn hình trống.",Chủ cơ sở,"Người xem hiểu được giá trị sản phẩm ngay, không phải tưởng tượng.","Bộ dữ liệu gồm hai mươi phòng thuộc bốn loại, giá theo hai mùa, khoảng năm mươi đặt phòng rải trong ba tháng ở đủ các trạng thái, kèm hóa đơn và lịch sử dọn phòng tương ứng.",Các nhóm chức năng chính đã hoàn thành.,Chạy một lệnh là có ngay dữ liệu trình diễn đầy đủ trên bản triển khai.,QTN-17,Bắt buộc,3,NCL-14-CN-001,Thành viên một,Chưa thực hiện,
72,NCL-14,Hoàn thiện chất lượng và bàn giao,NCL-14-CN-003,Viết tài liệu hướng dẫn sử dụng,"Là Chủ cơ sở, tôi muốn có tài liệu hướng dẫn theo từng vai trò, để nhân viên mới tự dùng được mà không cần ai kèm.",Chủ cơ sở,Sản phẩm bàn giao được cho người thật chứ không chỉ chạy được trên máy nhóm.,"Tài liệu gồm phần cho Chủ cơ sở, phần cho Lễ tân và phần cho Nhân viên buồng phòng, mỗi phần đi theo công việc hằng ngày của vai trò đó kèm ảnh màn hình.","Các chức năng đã ổn định, giao diện không còn thay đổi lớn.","Có tài liệu hướng dẫn ba vai trò, đọc xong làm được việc.",QTN-09,Bắt buộc,3,NCL-14-CN-002,Thành viên một,Chưa thực hiện,
73,NCL-14,Hoàn thiện chất lượng và bàn giao,NCL-14-CN-004,Triển khai bản chạy thử,"Là Chủ cơ sở, tôi muốn hệ thống chạy trên một địa chỉ truy cập được từ ngoài, để dùng thử và trình diễn mà không phụ thuộc máy của nhóm.",Chủ cơ sở,"Chứng minh sản phẩm triển khai được thật, đây là điều hội đồng luôn hỏi.","Nhóm đưa hệ thống lên một máy chủ chạy thử, cấu hình cơ sở dữ liệu và tài khoản mẫu cho từng vai trò, kèm hướng dẫn truy cập.",Bộ kiểm thử đầu cuối đã chạy đạt và dữ liệu trình diễn đã sẵn sàng.,"Có địa chỉ truy cập được từ ngoài, đăng nhập được bằng tài khoản mẫu của từng vai trò.",QTN-17,Bắt buộc,3,"NCL-14-CN-001, NCL-14-CN-002",Thành viên bốn,Chưa thực hiện,
74,NCL-03,Lịch phòng và đặt phòng chống trùng,NCL-03-CN-009,Đổi ngày lưu trú cho đặt phòng chưa nhận phòng,"Là Lễ tân, tôi muốn đổi ngày nhận phòng và ngày trả phòng của một đặt phòng chưa nhận phòng, để giữ được khách khi khách xin dời lịch thay vì phải hủy rồi tạo lại một đặt phòng mới.",Lễ tân,"Giữ khách và giữ nguyên khoản cọc khi khách dời lịch, đồng thời không làm đứt lịch sử đặt phòng và không sinh ra trùng phòng.","Lễ tân mở một đặt phòng ở trạng thái mới tạo hoặc đã xác nhận rồi nhập khoảng ngày mới kèm lý do dời lịch. Hệ thống kiểm tra chính phòng đang gán còn trống trọn khoảng ngày mới, tính lại tiền phòng theo bảng giá mùa của từng đêm trong khoảng ngày mới và hiển thị đồng thời số tiền cũ, số tiền mới và phần chênh lệch để lễ tân báo lại cho khách trước khi xác nhận. Nếu phòng đang gán bị vướng một đặt phòng khác trong khoảng ngày mới thì hệ thống từ chối, nêu rõ đêm bị trùng và liệt kê các phòng cùng loại còn trống trọn khoảng ngày để lễ tân chọn, hệ thống không tự ý đổi phòng thay người dùng. Không cho đổi ngày với đặt phòng đã nhận phòng, đã trả phòng, đã hủy hoặc đã đánh dấu khách không đến, vì các trường hợp đó thuộc chức năng gia hạn thêm đêm hoặc trả phòng sớm. Khoản cọc đã thu vẫn gắn nguyên với đặt phòng, hệ thống tính lại mức cọc yêu cầu theo tổng tiền phòng mới và hiển thị phần cọc còn thiếu hoặc phần thừa để xử lý ở bước thu cọc, không tự động thu thêm hay hoàn bớt. Sau khi xác nhận, lịch phòng giải phóng các đêm cũ và giữ các đêm mới trong cùng một thao tác.","Đặt phòng ở trạng thái mới tạo hoặc đã xác nhận, đã được gán phòng, và ngày nhận phòng mới không sớm hơn ngày hiện tại.","Đặt phòng mang khoảng ngày mới trên lịch phòng, các đêm cũ được giải phóng, tiền phòng dự kiến được tính lại, phần chênh lệch cọc được hiển thị, và nhật ký lưu vết lần dời lịch.","QTN-01, QTN-03, QTN-21, QTN-26, QTN-10",Bắt buộc,,"NCL-03-CN-003, NCL-03-CN-007, NCL-11-CN-002",Thành viên một,Chưa thực hiện,
75,NCL-05,Dịch vụ phụ thu hóa đơn và thanh toán,NCL-05-CN-007,Áp dụng giảm giá cho hóa đơn theo ngưỡng và phê duyệt,"Là Lễ tân, tôi muốn nhập khoản giảm giá kèm lý do cho hóa đơn trước khi thu tiền, để áp đúng mức đã thỏa thuận với khách mà cơ sở vẫn kiểm soát được phần doanh thu bị giảm.",Lễ tân,Quy tắc QTN-12 đã đưa giảm giá vào công thức tổng tiền nhưng chưa có chức năng nào tạo ra khoản giảm đó. Bổ sung để hóa đơn phản ánh đúng số tiền thực thu và mọi khoản giảm đều có người chịu trách nhiệm.,"Trên một hóa đơn chưa thanh toán, lễ tân nhập khoản giảm giá theo số tiền hoặc theo phần trăm kèm lý do bắt buộc. Hệ thống so mức giảm với ngưỡng do Chủ cơ sở cấu hình trong thông tin cơ sở: dưới ngưỡng thì áp ngay, bằng hoặc vượt ngưỡng thì hóa đơn chuyển sang trạng thái chờ duyệt giảm giá, chưa cho ghi nhận thanh toán và chưa cho trả phòng cho tới khi Chủ cơ sở duyệt hoặc từ chối. Giảm giá không được là số âm và không được lớn hơn tổng tiền phòng cộng dịch vụ phụ thu, đúng theo QTN-12. Hóa đơn đã thanh toán không nhận giảm giá trực tiếp mà phải đi qua hóa đơn điều chỉnh theo QTN-11. Sau khi áp, hệ thống tính lại tổng tiền và số còn phải thu, hiển thị khoản giảm thành một dòng riêng có lý do trên hóa đơn để khách nhìn thấy căn cứ. Mỗi hóa đơn chỉ có một khoản giảm giá đang hiệu lực, muốn sửa thì gỡ khoản cũ và nhập lại, mỗi lần nhập, sửa, duyệt hay từ chối đều ghi nhật ký kèm người thao tác và thời điểm. Báo cáo doanh thu lấy số sau giảm giá.","Hóa đơn ở trạng thái nháp hoặc chờ thanh toán, và Chủ cơ sở đã cấu hình ngưỡng giảm giá cần phê duyệt.","Hóa đơn có một dòng giảm giá kèm lý do, tổng tiền và số còn phải thu được tính lại, khoản giảm vượt ngưỡng chỉ có hiệu lực sau khi Chủ cơ sở duyệt.","QTN-12, QTN-11, QTN-09, QTN-27",Bắt buộc,,"NCL-05-CN-002, NCL-01-CN-003, NCL-10-CN-001",Thành viên ba,Chưa thực hiện,
76,NCL-06,Quản lý dọn phòng,NCL-06-CN-004,Phân công phòng cần dọn cho nhân viên buồng phòng,"Là Lễ tân, tôi muốn phân công từng phòng cần dọn cho một nhân viên buồng phòng cụ thể, để biết ai chịu trách nhiệm phòng nào và tránh cảnh phòng bị bỏ sót hoặc hai người cùng dọn một phòng.",Lễ tân,"Biến danh sách phòng cần dọn từ một bảng chung thành phần việc có chủ, giúp chủ cơ sở biết phòng nào đang chờ ai và cân được khối lượng việc giữa các nhân viên.","Từ danh sách phòng cần dọn, lễ tân hoặc chủ cơ sở chọn một phòng rồi gán cho một tài khoản có vai trò Nhân viên buồng phòng đang hoạt động, kèm mức ưu tiên gợi ý theo giờ nhận phòng của khách kế tiếp trong ngày. Nhân viên buồng phòng khi đăng nhập chỉ thấy phần phòng được phân công cho mình và phần chưa ai phụ trách, không thấy phần của người khác. Một phòng chỉ có một người phụ trách tại một thời điểm, muốn chuyển sang người khác thì phải gỡ phân công cũ rồi gán lại chứ không gán chồng. Không cho phân công phòng đang khóa bảo trì hoặc phòng đang có khách lưu trú vì hai trạng thái này không nằm trong chu trình dọn. Màn hình hiển thị số phòng đang giao cho từng nhân viên để người phân công nhìn thấy sự mất cân đối. Mọi lần phân công và gỡ phân công đều ghi nhật ký kèm người thao tác và thời điểm.",Có ít nhất một phòng ở trạng thái cần dọn và có ít nhất một tài khoản vai trò Nhân viên buồng phòng đang hoạt động.,"Mỗi phòng cần dọn có một người phụ trách rõ ràng, nhân viên buồng phòng nhìn thấy đúng phần việc của mình và nhật ký lưu vết lần phân công.","QTN-05, QTN-09, QTN-10",Quan trọng,,"NCL-06-CN-001, NCL-01-CN-002",Thành viên hai,Đã hoàn thành,
77,NCL-11,"Tiền đặt cọc, phí hủy và hoàn tiền",NCL-11-CN-007,Danh sách khoản cọc chưa quyết toán,"Là Kế toán, tôi muốn xem danh sách các khoản cọc chưa quyết toán kèm số ngày đang treo, để không khoản tiền nào của khách bị bỏ quên trên sổ khi kết thúc kỳ.",Kế toán,"Đóng đúng điều kiện hoàn thành của Epic NCL-11, vốn yêu cầu mọi khoản cọc phải kết thúc ở một trong ba trạng thái. Không có màn hình này thì không ai biết khoản nào còn treo.","Hệ thống liệt kê mọi khoản cọc chưa kết thúc ở một trong ba trạng thái đã trừ vào hóa đơn, đã hoàn cho khách, hoặc đã chuyển thành phí phạt. Mỗi dòng hiển thị mã đặt phòng, tên khách, số tiền cọc, ngày thu cọc, ngày nhận phòng dự kiến, trạng thái đặt phòng hiện tại và số ngày khoản cọc đã treo. Danh sách cho lọc theo khoảng ngày thu cọc, theo trạng thái đặt phòng và theo mức tiền, và cho sắp xếp theo số ngày treo giảm dần để phần việc cấp bách nổi lên trước. Khoản cọc gắn với đặt phòng đã trả phòng hoặc đã hủy mà vẫn treo quá bảy ngày được đánh dấu cần xử lý gấp. Từ mỗi dòng, kế toán mở thẳng sang đặt phòng tương ứng để thực hiện trừ cọc vào hóa đơn hoặc ghi nhận hoàn tiền. Màn hình này chỉ đọc, không tự thay đổi trạng thái khoản cọc. Lễ tân không xem được bảng tổng hợp cọc toàn cơ sở, chỉ Kế toán và Chủ cơ sở được xem.",Epic tiền đặt cọc đã vận hành và có ít nhất một khoản cọc được ghi nhận trong hệ thống.,Kế toán nhìn thấy toàn bộ khoản cọc còn treo kèm số ngày treo và mở được thẳng sang đặt phòng để xử lý dứt điểm.,"QTN-18, QTN-19, QTN-20, QTN-09",Bắt buộc,,"NCL-11-CN-003, NCL-11-CN-005, NCL-11-CN-006",Thành viên ba,Chưa thực hiện,
78,NCL-07,Báo cáo công suất và doanh thu,NCL-07-CN-006,Bổ sung phí hủy và tiền cọc chuyển phạt vào báo cáo doanh thu,"Là Chủ cơ sở, tôi muốn báo cáo doanh thu tính cả phí hủy và tiền cọc chuyển thành phí phạt, để con số doanh thu phản ánh đúng số tiền cơ sở thực sự giữ được chứ không chỉ tiền phòng và dịch vụ.",Chủ cơ sở,"Giữ cho báo cáo doanh thu vẫn đúng sau khi epic tiền đặt cọc đi vào vận hành, tránh tình trạng số liệu báo cáo thấp hơn thực tế và dẫn tới quyết định giá sai.","Báo cáo doanh thu hiện chỉ tổng hợp từ hóa đơn lưu trú. Khi epic tiền đặt cọc vận hành, cơ sở phát sinh thêm hai nguồn thu là phần phí hủy giữ lại theo QTN-19 và phần cọc chuyển thành phí phạt khi khách không đến theo QTN-20. Bổ sung hai cột nguồn thu này vào báo cáo doanh thu, cho xem tách riêng và cộng vào dòng tổng, kèm một bộ lọc bật tắt để chủ cơ sở so sánh doanh thu lưu trú thuần với tổng thu. Phí hủy được ghi nhận vào ngày hủy đặt phòng, tiền cọc phạt được ghi nhận vào ngày đánh dấu khách không đến, không ghi theo ngày nhận phòng dự kiến. Phần cọc đã hoàn lại cho khách tuyệt đối không được tính vào doanh thu. Trường hợp Chủ cơ sở dùng quyền ngoại lệ trong QTN-20 để hoàn lại một phần cọc phạt thì báo cáo chỉ lấy số thực giữ lại. Số liệu của hai cột mới phải khớp với các khoản cọc đã quyết toán trong cùng kỳ ở màn hình NCL-11-CN-007, và phải xuất được ra tệp cùng báo cáo doanh thu hiện có.",Báo cáo doanh thu đang chạy và đã có ít nhất một khoản phí hủy hoặc một khoản cọc chuyển thành phí phạt được ghi nhận.,"Báo cáo doanh thu hiển thị đủ ba nguồn thu là tiền phòng, dịch vụ phụ thu và các khoản phí giữ lại, và tổng khớp với dữ liệu khoản cọc đã quyết toán.","QTN-19, QTN-20, QTN-10",Bắt buộc,,"NCL-07-CN-002, NCL-11-CN-004, NCL-11-CN-006, NCL-11-CN-007",Thành viên hai,Chưa thực hiện,
79,NCL-04,Nhận phòng và trả phòng,NCL-04-CN-009,Trả phòng sớm và tính lại tiền phòng,"Là Lễ tân, tôi muốn cho khách trả phòng trước ngày dự kiến và tính lại tiền phòng theo số đêm thực ở, để thu đúng số tiền và bán lại được những đêm khách trả về.",Lễ tân,Thu đúng tiền theo số đêm thực tế và giải phóng ngay các đêm còn lại lên lịch phòng thay vì để phòng bị khóa oan tới hết kỳ đặt.,"Lễ tân chọn chức năng trả phòng sớm cho một đặt phòng đang lưu trú rồi nhập ngày trả phòng thực tế sớm hơn ngày dự kiến. Hệ thống tính lại tiền phòng theo số đêm thực ở với đúng giá mùa của từng đêm, hiển thị song song tiền phòng cũ, tiền phòng mới và phần chênh lệch, đồng thời áp phí trả phòng sớm nếu Chủ cơ sở đã cấu hình mức phí này trong chính sách. Dịch vụ phụ thu đã ghi nhận vẫn giữ nguyên và vẫn vào hóa đơn. Ngay khi lễ tân xác nhận, các đêm được trả lại phải quay về trạng thái trống trên lịch phòng để bán tiếp, và phòng chuyển sang trạng thái cần dọn theo QTN-05. Hệ thống từ chối nếu ngày trả phòng thực tế sớm hơn ngày nhận phòng hoặc muộn hơn ngày dự kiến, trường hợp muộn hơn thuộc chức năng gia hạn thêm đêm. Nếu hóa đơn đã được thanh toán đủ mà số tiền mới nhỏ hơn thì phần chênh phải xử lý bằng hóa đơn điều chỉnh theo QTN-11 chứ không sửa trực tiếp hóa đơn cũ. Nếu đặt phòng có cọc thì cọc vẫn được trừ vào hóa đơn theo đúng luồng hiện có.",Đặt phòng ở trạng thái đang lưu trú và ngày trả phòng thực tế nằm trong khoảng từ ngày nhận phòng đến trước ngày trả phòng dự kiến.,"Đặt phòng kết thúc sớm với tiền phòng tính theo số đêm thực ở, các đêm còn lại trở về trạng thái trống trên lịch phòng và phòng chuyển sang cần dọn.","QTN-03, QTN-04, QTN-05, QTN-11, QTN-28",Bắt buộc,,"NCL-04-CN-002, NCL-05-CN-002, NCL-10-CN-002",Thành viên một,Chưa thực hiện,
80,NCL-06,Quản lý dọn phòng,NCL-06-CN-005,Kiểm tra và duyệt phòng sạch trước khi đưa vào phục vụ,"Là Chủ cơ sở, tôi muốn bật thêm bước kiểm tra sau khi buồng phòng báo dọn xong, để phòng chỉ được đón khách mới khi đã có người xác nhận đạt yêu cầu.",Chủ cơ sở,"Giảm rủi ro khách nhận phòng chưa đạt, và cho chủ cơ sở dữ liệu để đánh giá chất lượng dọn phòng của từng nhân viên.","Chủ cơ sở bật hoặc tắt bước kiểm tra trong cấu hình cơ sở. Khi bật, phòng được nhân viên buồng phòng báo dọn xong sẽ chuyển sang trạng thái chờ kiểm tra thay vì chuyển thẳng sang sẵn sàng. Người có quyền kiểm tra mở phòng, đối chiếu danh mục hạng mục kiểm tra ngắn do cơ sở khai báo rồi chọn đạt hoặc không đạt. Nếu đạt thì phòng chuyển sang sẵn sàng và có thể nhận khách. Nếu không đạt thì bắt buộc nhập lý do, phòng quay lại trạng thái cần dọn và người đang phụ trách phòng đó nhận được thông báo nội bộ để làm lại. Khi tắt bước kiểm tra thì chu trình giữ nguyên như hiện tại, phòng dọn xong là sẵn sàng, để cơ sở quá nhỏ không bị thêm thao tác thừa. Phòng ở trạng thái chờ kiểm tra không được gán cho khách mới, giống như phòng đang cần dọn. Hệ thống lưu người kiểm tra, thời điểm, kết quả và lý do không đạt để phục vụ đánh giá chất lượng.","Phòng ở trạng thái cần dọn đã được nhân viên buồng phòng báo dọn xong, và Chủ cơ sở đã bật bước kiểm tra trong cấu hình cơ sở.","Phòng chỉ chuyển sang sẵn sàng sau khi có người xác nhận đạt, phòng không đạt quay lại cần dọn kèm lý do và thông báo tới người phụ trách.","QTN-05, QTN-09, QTN-10, QTN-29",Quan trọng,,"NCL-06-CN-002, NCL-06-CN-004, NCL-10-CN-001",Thành viên hai,Chưa thực hiện,
81,NCL-05,Dịch vụ phụ thu hóa đơn và thanh toán,NCL-05-CN-008,Chốt ca và đối soát tiền mặt thu trong ca,"Là Lễ tân, tôi muốn chốt ca bằng cách đối chiếu số tiền hệ thống ghi nhận với số tiền đếm được trong két, để bàn giao ca rõ ràng và phát hiện lệch tiền ngay trong ngày.",Lễ tân,"Khóa sổ tiền mặt theo từng ca giúp phát hiện lệch quỹ trong vòng vài giờ thay vì cuối tháng, và làm rõ trách nhiệm của từng người trực quầy.","Khi kết thúc ca, lễ tân mở màn hình chốt ca. Hệ thống tổng hợp mọi khoản tiền mà chính tài khoản đó ghi nhận từ lúc mở ca, gồm tiền thu hóa đơn, tiền cọc thu vào và tiền hoàn trả cho khách, tách riêng theo hình thức tiền mặt và chuyển khoản, rồi hiển thị số tiền mặt lý thuyết phải có trong két. Lễ tân nhập số tiền mặt đếm thực tế, hệ thống tính chênh lệch và nếu chênh lệch khác không thì bắt buộc nhập ghi chú giải thích trước khi cho chốt. Sau khi chốt, phiếu chốt ca được lưu và không sửa được, muốn điều chỉnh thì Chủ cơ sở phải mở lại kèm lý do và việc mở lại được ghi nhật ký. Một tài khoản không được có hai ca đang mở cùng lúc, và không cho chốt ca khi vẫn còn hóa đơn của ca đó đang chờ duyệt giảm giá hoặc chờ duyệt trả phòng còn nợ. Chủ cơ sở và Kế toán xem được toàn bộ phiếu chốt ca theo ngày kèm danh sách các ca có chênh lệch.",Người dùng có vai trò Lễ tân đang có một ca mở và đã ghi nhận ít nhất một giao dịch thu hoặc chi trong ca đó.,"Ca làm việc được chốt với số liệu lý thuyết, số đếm thực tế và phần chênh lệch có giải thích, phiếu chốt ca được lưu bất biến.","QTN-09, QTN-10, QTN-11, QTN-30",Quan trọng,,"NCL-05-CN-003, NCL-11-CN-002, NCL-01-CN-003",Thành viên ba,Chưa thực hiện,
82,NCL-03,Lịch phòng và đặt phòng chống trùng,NCL-03-CN-010,Tra cứu nhanh đặt phòng theo mã tên khách hoặc số điện thoại,"Là Lễ tân, tôi muốn tìm một đặt phòng theo mã đặt phòng, tên khách hoặc số điện thoại, để tìm ra hồ sơ trong vài giây khi khách gọi tới thay vì lật lịch phòng qua từng tháng.",Lễ tân,"Rút ngắn thời gian xử lý mỗi cuộc gọi của khách, nhất là với các đặt phòng nằm ngoài tháng đang hiển thị trên lịch phòng.","Lễ tân nhập từ khóa vào ô tìm kiếm ở khu vực đặt phòng. Hệ thống tìm đồng thời trên mã đặt phòng, tên khách và số điện thoại, cho phép khớp một phần chuỗi. Kết quả hiển thị mã đặt phòng, tên khách, ngày nhận, ngày trả, phòng đã gán, trạng thái đặt phòng và trạng thái thanh toán, sắp xếp theo ngày nhận phòng gần hiện tại nhất để đúng thứ tự lễ tân cần. Người dùng lọc thêm theo trạng thái đặt phòng và theo khoảng ngày. Từ khóa dưới ba ký tự thì hệ thống không thực hiện tìm và nhắc nhập thêm, tránh trả về toàn bộ dữ liệu. Kết quả áp đúng quy tắc che thông tin cá nhân theo vai trò, số giấy tờ tùy thân không hiển thị trên danh sách kết quả. Khi không có kết quả nào, hệ thống báo rõ không tìm thấy và gợi ý thử số điện thoại. Bấm vào một dòng thì mở thẳng hồ sơ đặt phòng tương ứng.",Người dùng đã đăng nhập với vai trò được xem đặt phòng và trong hệ thống đã có dữ liệu đặt phòng.,Lễ tân tìm được đúng đặt phòng cần xử lý từ một từ khóa và mở thẳng được sang hồ sơ đặt phòng.,"QTN-09, QTN-24, QTN-10",Quan trọng,,"NCL-03-CN-002, NCL-04-CN-004, NCL-12-CN-004",Thành viên hai,Chưa thực hiện,
83,NCL-04,Nhận phòng và trả phòng,NCL-04-CN-010,Trả phòng khi còn nợ với phê duyệt của Chủ cơ sở,"Là Lễ tân, tôi muốn trả phòng cho khách còn nợ tiền khi được Chủ cơ sở phê duyệt, để không giữ khách công ty hay khách quen lại quầy trong khi khoản nợ vẫn được theo dõi đến lúc thu đủ.",Lễ tân,"Mở một ngoại lệ có kiểm soát cho quy tắc chặn trả phòng khi chưa thu đủ, đồng thời tạo nơi theo dõi công nợ để khoản tiền không biến mất khỏi sổ sách.","Quy tắc QTN-04 hiện chặn cứng việc trả phòng khi hóa đơn chưa thanh toán đủ. Bổ sung một ngoại lệ có kiểm soát, trong đó lễ tân chọn trả phòng còn nợ, nhập số tiền còn nợ, lý do và hạn thu dự kiến, rồi gửi yêu cầu cho Chủ cơ sở duyệt. Chỉ khi được duyệt thì đặt phòng mới chuyển sang đã trả phòng và phòng chuyển sang cần dọn, còn hóa đơn giữ nguyên trạng thái còn nợ thay vì chuyển sang đã thanh toán. Khoản nợ xuất hiện trong danh sách công nợ kèm tên khách, số tiền, hạn thu và số ngày quá hạn, sắp xếp theo mức quá hạn giảm dần. Khi khách trả nốt, kế toán ghi nhận thanh toán theo luồng hiện có và hóa đơn tự đóng lại, khoản nợ rời khỏi danh sách. Không áp dụng ngoại lệ này cho khách vãng lai chưa có hồ sơ khách, vì không có cách liên hệ để thu hồi. Báo cáo doanh thu phải phân biệt được phần đã thu và phần còn nợ để không thổi phồng dòng tiền. Mọi lần đề nghị, duyệt và từ chối đều được ghi nhật ký.","Đặt phòng ở trạng thái đang lưu trú, hóa đơn đã được lập nhưng chưa thu đủ, và khách đã có hồ sơ khách trong hệ thống.","Khách rời cơ sở, phòng vào chu trình dọn, hóa đơn ở trạng thái còn nợ và khoản nợ nằm trong danh sách công nợ chờ thu.","QTN-04, QTN-09, QTN-10, QTN-31",Nên có,,"NCL-04-CN-002, NCL-05-CN-003, NCL-01-CN-003",Thành viên bốn,Chưa thực hiện,
84,NCL-01,Đăng nhập và phân quyền,NCL-01-CN-005,Đặt lại mật khẩu khi người dùng quên,"Là Lễ tân, tôi muốn được cấp lại mật khẩu khi quên, để quay lại làm việc trong vài phút thay vì phải chờ người khác đăng nhập hộ bằng tài khoản của họ.",Lễ tân,"Ngăn thói quen dùng chung tài khoản khi một người quên mật khẩu, vốn làm hỏng toàn bộ giá trị của nhật ký hoạt động và phân quyền theo vai trò.","Người dùng không đăng nhập được chọn chức năng quên mật khẩu và nhập tên đăng nhập. Hệ thống không tự đặt lại mật khẩu mà tạo một yêu cầu cấp lại gửi tới Quản trị viên, phù hợp với cơ sở nhỏ không có hạ tầng thư điện tử riêng. Quản trị viên xem danh sách yêu cầu, xác minh với người đề nghị rồi cấp một mật khẩu tạm dùng một lần. Người dùng đăng nhập bằng mật khẩu tạm và bị buộc đổi mật khẩu mới ngay trước khi vào được bất kỳ màn hình nghiệp vụ nào. Mật khẩu tạm hết hiệu lực sau hai mươi bốn giờ hoặc ngay khi đã dùng một lần. Màn hình quên mật khẩu không tiết lộ tên đăng nhập có tồn tại hay không, luôn báo chung một thông điệp đã ghi nhận yêu cầu. Mọi lần yêu cầu, cấp lại và đổi mật khẩu đều ghi nhật ký kèm người thao tác và thời điểm.","Tài khoản tồn tại trong hệ thống và đang ở trạng thái hoạt động, có ít nhất một Quản trị viên đang hoạt động.","Người dùng đăng nhập lại được bằng mật khẩu do chính mình đặt, mật khẩu tạm hết hiệu lực và nhật ký lưu vết toàn bộ quá trình.","QTN-09, QTN-10",Quan trọng,,"NCL-01-CN-001, NCL-01-CN-002",Thành viên bốn,Chưa thực hiện,
85,NCL-05,Dịch vụ phụ thu hóa đơn và thanh toán,NCL-05-CN-009,In và gửi hóa đơn cho khách,"Là Lễ tân, tôi muốn in hoặc kết xuất hóa đơn để đưa cho khách khi trả phòng, để khách có chứng từ mang về thay vì chỉ nhìn màn hình của lễ tân.",Lễ tân,"Hoàn tất khâu cuối của luồng thanh toán. Hiện hệ thống lập được hóa đơn nhưng không có cách nào đưa hóa đơn tới tay khách, nên lễ tân vẫn phải viết tay.","Từ một hóa đơn đã lập, lễ tân chọn in hoặc kết xuất ra tệp. Bản in lấy thông tin cơ sở gồm tên, địa chỉ và mã số thuế từ cấu hình cơ sở, kèm mã hóa đơn, thông tin khách, số đêm lưu trú, chi tiết tiền phòng theo từng đêm, danh sách dịch vụ phụ thu, khoản giảm giá kèm lý do, tiền cọc đã trừ, tổng phải trả, số đã thu và số còn lại. Hóa đơn còn ở trạng thái nháp thì bản in phải có dấu hiệu tạm tính rõ ràng để không bị nhầm là chứng từ chính thức. Với hóa đơn điều chỉnh, bản in phải nêu mã hóa đơn gốc và lý do điều chỉnh. Số giấy tờ tùy thân của khách không được in trên hóa đơn. Mỗi lần in hoặc kết xuất đều ghi nhật ký để biết ai đã lấy bản in nào và lúc nào. Đây là chức năng kết xuất chứng từ nội bộ, không phải hóa đơn điện tử có mã cơ quan thuế.",Hóa đơn đã được lập cho một đặt phòng và cơ sở đã khai báo đủ thông tin trong cấu hình cơ sở.,"Khách nhận được bản hóa đơn thể hiện đầy đủ tiền phòng, phụ thu, giảm giá và phần đã thanh toán, và hệ thống lưu vết lần in.","QTN-11, QTN-12, QTN-24, QTN-10",Bắt buộc,,"NCL-05-CN-002, NCL-10-CN-001",Thành viên ba,Chưa thực hiện,
86,NCL-04,Nhận phòng và trả phòng,NCL-04-CN-011,Ghi nhận danh sách khách ở cùng phòng,"Là Lễ tân, tôi muốn khai báo đủ những người cùng ở trong một phòng chứ không chỉ người đứng tên đặt phòng, để danh sách khai báo lưu trú phản ánh đúng số người thực tế đang ở cơ sở.",Lễ tân,Nghĩa vụ thông báo lưu trú áp cho mọi người lưu trú chứ không chỉ người đặt phòng. Thiếu chức năng này thì bản khai báo kết xuất ra sẽ thiếu người và cơ sở vẫn có rủi ro bị xử phạt.,"Khi nhận phòng, ngoài người đứng tên đặt phòng, lễ tân thêm từng người cùng ở với họ tên, năm sinh, loại giấy tờ và số giấy tờ. Hệ thống kiểm tra tổng số người không vượt sức chứa tối đa của phòng, nếu vượt thì từ chối và gợi ý ghi nhận phụ thu thêm người hoặc chuyển sang phòng lớn hơn. Trẻ em dưới độ tuổi do cơ sở cấu hình được ghi nhận nhưng không tính vào phần phụ thu thêm người. Danh sách khách cùng phòng được đưa nguyên vào danh sách khai báo lưu trú của ngày và chịu đúng quy tắc che dữ liệu cá nhân theo vai trò. Trong thời gian lưu trú, lễ tân được thêm hoặc bớt người khi có thay đổi, mỗi lần đều ghi nhật ký. Khi trả phòng, toàn bộ danh sách được đóng lại và giữ trong lịch sử lưu trú của đặt phòng. Không cho xóa một người đã nằm trong bản khai báo đã kết xuất, chỉ được đánh dấu rời sớm kèm thời điểm.",Đặt phòng đã ở trạng thái đã nhận phòng và loại phòng đã khai báo sức chứa tối đa.,"Mỗi phòng đang có khách đều có danh sách đầy đủ người lưu trú, và danh sách khai báo lưu trú theo ngày đếm đúng số người.","QTN-02, QTN-23, QTN-24, QTN-32",Bắt buộc,,"NCL-04-CN-001, NCL-04-CN-004, NCL-12-CN-001, NCL-02-CN-005",Thành viên bốn,Chưa thực hiện,
87,NCL-01,Đăng nhập và phân quyền,NCL-01-CN-006,Cấp quyền xem bổ sung cho từng tài khoản,"Là Quản trị viên, tôi muốn cấp thêm một vài quyền xem cho một tài khoản cụ thể ngoài quyền mặc định của vai trò, để đáp ứng các trường hợp như lễ tân trưởng cần xem báo cáo doanh thu mà không phải nâng người đó lên vai trò Chủ cơ sở.",Quản trị viên,"Sheet User Roles đã ghi Lễ tân không xem báo cáo doanh thu tổng hợp trừ khi được cho phép, nhưng hiện không có bất kỳ cách nào để cho phép. Story này lấp đúng chỗ trống đó mà không phải nới lỏng vai trò cho tất cả mọi người.","Quản trị viên mở một tài khoản rồi bật thêm quyền từ một danh sách quyền xem có kiểm soát, ví dụ xem báo cáo doanh thu, xem báo cáo công suất, xem danh sách khoản cọc. Danh sách này chỉ gồm quyền xem. Các quyền phê duyệt liên quan tới tiền như duyệt giảm giá vượt ngưỡng hay duyệt trả phòng còn nợ tuyệt đối không được ủy quyền, vì đó là điểm kiểm soát cuối cùng của Chủ cơ sở. Mỗi quyền bổ sung có thể đặt ngày hết hiệu lực và tự thu hồi khi tới hạn, hoặc Quản trị viên thu hồi bất cứ lúc nào. Màn hình hiển thị rõ quyền nào đến từ vai trò và quyền nào là bổ sung riêng, để không ai nhầm giữa hai nguồn. Khi vai trò của tài khoản bị đổi, mọi quyền bổ sung cũ phải bị thu hồi để tránh tích tụ quyền. Mỗi lần cấp, sửa hạn và thu hồi đều ghi nhật ký kèm người thao tác và lý do.","Tài khoản đã tồn tại và đang hoạt động, và cấu hình vai trò theo NCL-01-CN-003 đã chạy.","Tài khoản được chỉ định truy cập được đúng những màn hình xem đã cấp thêm, có thời hạn rõ ràng, và nhật ký lưu vết ai đã cấp quyền cho ai.","QTN-09, QTN-10, QTN-34",Quan trọng,,"NCL-01-CN-003, NCL-01-CN-002",Thành viên bốn,Chưa thực hiện,
88,NCL-02,Quản lý phòng loại phòng và giá,NCL-02-CN-005,Cấu hình sức chứa phòng và phụ thu thêm người,"Là Chủ cơ sở, tôi muốn khai báo sức chứa tiêu chuẩn và sức chứa tối đa cho từng loại phòng kèm mức phụ thu thêm người, để hệ thống tự tính tiền khi khách ở đông hơn tiêu chuẩn thay vì lễ tân nhớ bằng miệng.",Chủ cơ sở,"Ở homestay, việc khách ở thêm người là chuyện thường ngày và cũng là nguồn thất thu phổ biến nhất khi quản lý thủ công. Đây cũng là dữ liệu nền để kiểm soát danh sách khách ở cùng phòng.","Chủ cơ sở khai báo cho từng loại phòng số người tiêu chuẩn, số người tối đa, mức phụ thu cho mỗi người vượt tiêu chuẩn tính theo đêm, và độ tuổi tối đa được coi là trẻ em không tính phụ thu. Sức chứa tối đa không được nhỏ hơn sức chứa tiêu chuẩn, và mức phụ thu không được là số âm. Khi lễ tân tạo đặt phòng hoặc nhận phòng và nhập số khách vượt sức chứa tiêu chuẩn, hệ thống tự sinh dòng phụ thu thêm người theo số người vượt nhân số đêm nhân mức phụ thu, hiển thị thành một dòng riêng để lễ tân giải thích được với khách. Vượt sức chứa tối đa thì hệ thống từ chối và gợi ý loại phòng lớn hơn. Việc sửa cấu hình chỉ ảnh hưởng tới các đặt phòng tạo sau đó, không hồi tố các đặt phòng đã tính tiền. Mọi thay đổi cấu hình đều ghi nhật ký.",Loại phòng đã tồn tại trong hệ thống và người thao tác là Chủ cơ sở.,"Mỗi loại phòng có sức chứa và mức phụ thu rõ ràng, và các đặt phòng vượt sức chứa tiêu chuẩn được tự động tính thêm tiền.","QTN-03, QTN-12, QTN-32",Quan trọng,,"NCL-02-CN-001, NCL-02-CN-004",Thành viên một,Chưa thực hiện,
89,NCL-06,Quản lý dọn phòng,NCL-06-CN-006,Buồng phòng báo sự cố phòng khi dọn,"Là Nhân viên buồng phòng, tôi muốn báo ngay sự cố phát hiện lúc dọn phòng, để phòng hỏng không bị bán cho khách kế tiếp trong khi chưa ai biết là hỏng.",Nhân viên buồng phòng,"Rút ngắn quãng đường từ lúc phát hiện hỏng tới lúc phòng bị khóa bảo trì, vốn hiện phải đi qua lời nhắn miệng giữa buồng phòng và lễ tân.","Trong lúc cập nhật trạng thái dọn phòng, nhân viên buồng phòng chọn báo sự cố, nhập mô tả ngắn và mức độ gồm nhẹ, nặng hoặc không thể phục vụ. Với mức nhẹ, phòng vẫn được đưa về sẵn sàng nhưng mang một dấu hiệu có sự cố chờ xử lý để Chủ cơ sở nhìn thấy. Với mức nặng hoặc không thể phục vụ, phòng không được đưa về sẵn sàng mà chuyển thẳng sang chờ xác nhận bảo trì, và Chủ cơ sở nhận thông báo nội bộ để quyết định khóa phòng bảo trì theo chức năng đã có. Nếu phòng đang có đặt phòng sắp tới trong khoảng thời gian bị ảnh hưởng, hệ thống phải cảnh báo rõ có bao nhiêu đặt phòng bị ảnh hưởng để lễ tân chủ động đổi phòng cho khách. Một phòng có thể có nhiều báo cáo sự cố đang mở, mỗi báo cáo đóng lại khi Chủ cơ sở đánh dấu đã xử lý kèm ghi chú. Toàn bộ vòng đời của báo cáo sự cố được ghi nhật ký.",Phòng đang ở trạng thái cần dọn hoặc chờ kiểm tra và người thao tác là Nhân viên buồng phòng phụ trách phòng đó.,"Sự cố được ghi nhận kèm mức độ, phòng nặng không lọt vào vòng phục vụ, và Chủ cơ sở nhận được thông báo cùng danh sách đặt phòng bị ảnh hưởng.","QTN-01, QTN-05, QTN-10",Quan trọng,,"NCL-06-CN-002, NCL-06-CN-003",Thành viên hai,Chưa thực hiện,
90,NCL-02,Quản lý phòng loại phòng và giá,NCL-02-CN-006,Giá theo ngày cuối tuần và ngày lễ,"Là Chủ cơ sở, tôi muốn đặt mức giá riêng cho ngày cuối tuần và các ngày lễ, để không phải tạo một bảng giá mùa riêng cho từng dịp lễ trong năm.",Chủ cơ sở,"Giá cuối tuần lặp lại hằng tuần còn ngày lễ rơi rải rác trong năm, cả hai đều không mô tả được bằng bảng giá mùa theo khoảng ngày liên tục. Đây là chỗ chênh giá lớn nhất của homestay.","Chủ cơ sở khai báo những ngày nào trong tuần được coi là cuối tuần cùng mức giá tương ứng cho từng loại phòng, và khai báo danh sách ngày lễ theo ngày cụ thể kèm mức giá riêng. Hệ thống tính tiền phòng theo từng đêm chứ không theo cả kỳ, mỗi đêm lấy đúng mức giá của chính đêm đó. Thứ tự ưu tiên khi một đêm khớp nhiều cấu hình là giá ngày lễ trước, rồi giá cuối tuần, rồi giá theo mùa, cuối cùng là giá cơ bản của loại phòng. Màn hình đặt phòng phải hiển thị bảng chi tiết giá từng đêm để lễ tân giải thích được với khách vì sao hai đêm trong cùng một kỳ lại khác giá. Thay đổi cấu hình giá không hồi tố các đặt phòng đã xác nhận. Mọi thay đổi đều ghi nhật ký theo đúng quy tắc lưu lịch sử giá đang có.",Loại phòng và bảng giá theo mùa đã được khai báo.,"Mỗi đêm trong một kỳ lưu trú được tính đúng mức giá của chính đêm đó, và lễ tân xem được bảng chi tiết giá từng đêm.","QTN-03, QTN-33, QTN-10",Quan trọng,,NCL-02-CN-003,Thành viên một,Chưa thực hiện,
91,NCL-13,Đặt phòng theo đoàn,NCL-13-CN-005,Nhận phòng hàng loạt cho đoàn,"Là Lễ tân, tôi muốn nhận phòng cho cả đoàn trong một thao tác, để không phải mở từng đặt phòng khi cả đoàn đứng chờ ở sảnh.",Lễ tân,Nếu vẫn phải nhận phòng từng phòng một thì việc gán phòng hàng loạt cho đoàn ở story trước gần như mất hết giá trị. Đây là nơi khách đoàn cảm nhận rõ nhất tốc độ phục vụ.,"Lễ tân mở hồ sơ đoàn đã gán phòng và chọn nhận phòng hàng loạt. Hệ thống hiển thị toàn bộ phòng trong đoàn kèm trạng thái sẵn sàng của từng phòng, cho lễ tân bỏ chọn những phòng chưa muốn nhận, ví dụ khách chưa tới. Chỉ những phòng ở trạng thái sẵn sàng mới nhận được, phòng còn ở trạng thái cần dọn hoặc chờ kiểm tra sẽ bị chặn và nêu rõ lý do để lễ tân giục buồng phòng. Khác với gán phòng hàng loạt vốn phải thành công trọn vẹn hoặc không gì cả, nhận phòng hàng loạt cho phép nhận thành công một phần, vì thực tế các đoàn khách hay tới lẻ tẻ. Sau khi nhận, hệ thống hiển thị danh sách những phòng đã nhận và những phòng còn lại kèm lý do. Việc khai báo giấy tờ tùy thân của từng khách trong từng phòng vẫn phải làm theo đúng quy tắc khai báo lưu trú, hệ thống nhắc rõ số phòng còn thiếu giấy tờ trước khi đóng màn hình.",Hồ sơ đoàn đã ở trạng thái đã xác nhận và đã gán đủ phòng.,"Các phòng đủ điều kiện trong đoàn cùng chuyển sang trạng thái đã nhận phòng trong một thao tác, các phòng chưa đủ điều kiện giữ nguyên kèm lý do rõ ràng.","QTN-02, QTN-23, QTN-25",Quan trọng,,"NCL-13-CN-002, NCL-04-CN-001, NCL-12-CN-001",Thành viên hai,Chưa thực hiện,
92,NCL-13,Đặt phòng theo đoàn,NCL-13-CN-006,Trả phòng hàng loạt và chốt hóa đơn đoàn,"Là Lễ tân, tôi muốn trả phòng cho cả đoàn trong một thao tác và chốt hóa đơn theo cách đã chọn cho đoàn, để kết thúc một đoàn khách trong vài phút thay vì gần một giờ.",Lễ tân,Khép kín luồng đặt đoàn từ tạo hồ sơ tới quyết toán. Đây cũng là bước dễ sai nhất vì các phòng trong đoàn có thể có mức phụ thu rất khác nhau.,"Lễ tân mở hồ sơ đoàn đang lưu trú và chọn trả phòng hàng loạt. Hệ thống liệt kê từng phòng kèm số tiền phòng, phụ thu riêng của phòng đó và tình trạng thanh toán, đồng thời hiển thị tổng của cả đoàn. Lễ tân bỏ chọn được những phòng ở lại thêm. Nếu đoàn đã chọn gộp hóa đơn thì hệ thống chốt một hóa đơn chung, nếu chọn tách thì chốt từng hóa đơn theo phòng, theo đúng lựa chọn đã lưu ở story tách gộp hóa đơn. Phòng nào còn dịch vụ phụ thu chưa chốt thì bị chặn và nêu rõ, đúng như luồng trả phòng đơn lẻ. Điều kiện thanh toán vẫn tuân thủ quy tắc không trả phòng khi chưa thu đủ, trừ khi có phê duyệt trả phòng còn nợ. Sau khi hoàn tất, mọi phòng đã trả chuyển sang cần dọn và hồ sơ đoàn chuyển sang đã kết thúc khi không còn phòng nào đang lưu trú.",Hồ sơ đoàn có ít nhất một phòng đang ở trạng thái đã nhận phòng và các dịch vụ phụ thu của những phòng đó đã được chốt.,"Các phòng được chọn cùng chuyển sang đã trả phòng và cần dọn, hóa đơn được chốt theo phương án gộp hoặc tách đã đăng ký của đoàn.","QTN-04, QTN-05, QTN-12, QTN-25",Nên có,,"NCL-13-CN-005, NCL-13-CN-003",Thành viên hai,Chưa thực hiện,
93,NCL-07,Báo cáo công suất và doanh thu,NCL-07-CN-008,Báo cáo cơ cấu đặt phòng theo kênh,"Là Chủ cơ sở, tôi muốn biết mỗi kênh mang lại bao nhiêu đặt phòng và bao nhiêu doanh thu, để dồn công sức vào kênh thực sự hiệu quả thay vì đoán.",Chủ cơ sở,"Mục tiêu số một của sản phẩm là hợp nhất đặt phòng từ mọi kênh, nhưng dữ liệu kênh đang chỉ nằm rải rác trong từng đặt phòng mà chưa được tổng hợp thành thông tin để ra quyết định.","Báo cáo tổng hợp số lượng đặt phòng, số đêm phòng bán được và doanh thu theo từng kênh trong một khoảng thời gian, gồm kênh tại quầy, kênh điện thoại, kênh mạng xã hội, cổng đặt phòng trực tiếp và kênh mô phỏng nhận đặt. Mỗi kênh hiển thị thêm tỷ lệ hủy và tỷ lệ khách không đến, vì một kênh nhiều đặt phòng nhưng hủy nhiều thì không phải kênh tốt. Đặt phòng chưa ghi kênh được gom vào nhóm không xác định và hiển thị rõ để cơ sở biết chất lượng dữ liệu của mình tới đâu. Báo cáo dùng chung bộ lọc thời gian với các báo cáo hiện có và xuất ra tệp được. Doanh thu theo kênh lấy từ hóa đơn đã lập, không lấy từ tiền phòng dự kiến, để khớp với báo cáo doanh thu tổng.",Có dữ liệu đặt phòng đã ghi nhận kênh và có hóa đơn trong kỳ báo cáo.,"Chủ cơ sở so sánh được hiệu quả giữa các kênh theo số lượng, doanh thu và tỷ lệ hủy trong cùng một màn hình.","QTN-10, QTN-09",Nên có,,"NCL-07-CN-002, NCL-08-CN-004, NCL-09-CN-003",Thành viên hai,Chưa thực hiện,
94,NCL-07,Báo cáo công suất và doanh thu,NCL-07-CN-009,Báo cáo giá bán trung bình và doanh thu trên mỗi phòng,"Là Chủ cơ sở, tôi muốn xem giá bán trung bình mỗi đêm và doanh thu trung bình trên mỗi phòng hiện có, để biết nên tăng giá hay nên tăng lượng khách.",Chủ cơ sở,"Công suất và doanh thu khi đứng riêng không trả lời được câu hỏi tối ưu giá. Hai chỉ số này ghép công suất với doanh thu thành thông tin hành động được, và đây chính là mục tiêu tối ưu giá nêu trong tầm nhìn sản phẩm.","Hệ thống tính hai chỉ số theo kỳ do người dùng chọn. Giá bán trung bình bằng doanh thu tiền phòng chia cho số đêm phòng thực bán. Doanh thu trên mỗi phòng bằng doanh thu tiền phòng chia cho tổng số đêm phòng có thể bán trong kỳ, tức số phòng nhân số ngày. Cả hai chỉ số chỉ tính tiền phòng, không tính dịch vụ phụ thu và không tính phí hủy, để không làm sai bản chất chỉ số, và màn hình phải ghi rõ điều này. Cho xem theo từng loại phòng và theo từng tháng để nhìn ra xu hướng mùa. Các phòng đang khóa bảo trì bị loại khỏi số đêm phòng có thể bán, nếu không chỉ số sẽ bị kéo xuống oan. Kỳ báo cáo không có đêm nào bán được thì hiển thị dấu gạch thay vì chia cho không.","Có dữ liệu hóa đơn và dữ liệu phòng trong kỳ báo cáo, và báo cáo công suất đang chạy đúng.","Chủ cơ sở xem được giá bán trung bình và doanh thu trên mỗi phòng theo kỳ và theo loại phòng, kèm ghi chú rõ phạm vi tính toán.","QTN-10, QTN-09",Nên có,,"NCL-07-CN-001, NCL-07-CN-002, NCL-06-CN-003",Thành viên hai,Chưa thực hiện,
95,NCL-09,Cổng đặt phòng trực tiếp cho khách,NCL-09-CN-006,Ảnh và mô tả loại phòng trên cổng đặt phòng,"Là Chủ cơ sở, tôi muốn đăng ảnh và mô tả cho từng loại phòng trên cổng đặt phòng, để khách biết mình đang chọn phòng thế nào trước khi gửi yêu cầu.",Chủ cơ sở,"Cổng đặt phòng hiện chỉ hiện tên loại phòng, giá và tình trạng trống. Khách khó ra quyết định nên tỷ lệ gửi yêu cầu thấp, làm giảm giá trị của cả epic cổng đặt phòng.","Chủ cơ sở tải lên tối đa năm ảnh cho mỗi loại phòng, chọn một ảnh làm ảnh đại diện, sắp xếp thứ tự hiển thị và viết một đoạn mô tả ngắn kèm danh sách tiện nghi chọn từ danh mục có sẵn. Hệ thống giới hạn dung lượng và định dạng tệp ảnh, tự thu nhỏ ảnh để trang khách xem không bị nặng, và từ chối tệp không phải ảnh. Loại phòng chưa có ảnh vẫn hiển thị bình thường trên cổng nhưng dùng ảnh mặc định, không được chặn khách đặt chỉ vì thiếu ảnh. Nội dung này chỉ hiển thị trên cổng dành cho khách, không ảnh hưởng tới màn hình vận hành của lễ tân. Việc thêm, sửa và xóa ảnh đều ghi nhật ký.",Loại phòng đã tồn tại và cổng đặt phòng đang hoạt động.,Khách xem được ảnh và mô tả của từng loại phòng khi chọn ngày trên cổng đặt phòng.,"QTN-13, QTN-09",Nên có,,"NCL-02-CN-001, NCL-09-CN-001",Thành viên hai,Chưa thực hiện,
96,NCL-08,Thông báo và lịch sử hoạt động,NCL-08-CN-006,Gửi xác nhận đặt phòng cho khách,"Là Lễ tân, tôi muốn hệ thống gửi bản xác nhận đặt phòng cho khách ngay sau khi xác nhận, để khách có căn cứ về ngày, phòng, giá và số tiền cọc thay vì chỉ nghe qua điện thoại.",Lễ tân,"Giảm tranh cãi về giá và ngày khi khách tới nhận phòng, và làm cho khoản cọc có chứng từ rõ ràng ngay từ đầu.","Khi một đặt phòng chuyển sang trạng thái đã xác nhận, hệ thống sinh bản xác nhận gồm mã đặt phòng, tên khách, ngày nhận, ngày trả, loại phòng, chi tiết giá từng đêm, số tiền cọc phải nộp và tóm tắt chính sách hủy đang áp dụng. Lễ tân chọn gửi qua thư điện tử nếu khách có địa chỉ thư, hoặc kết xuất bản để gửi qua kênh nhắn tin mà cơ sở đang dùng. Nếu cơ sở chưa cấu hình thư điện tử thì hệ thống vẫn cho kết xuất chứ không chặn nghiệp vụ. Khách không có thông tin liên hệ thì hệ thống cảnh báo nhưng vẫn cho xác nhận đặt phòng. Mỗi lần gửi được ghi nhật ký kèm thời điểm và kênh gửi, và cho gửi lại khi khách báo không nhận được.",Đặt phòng đã ở trạng thái đã xác nhận và cơ sở đã khai báo đủ thông tin trong cấu hình cơ sở.,"Khách nhận được bản xác nhận có đủ ngày, phòng, giá, cọc và chính sách hủy, và hệ thống lưu vết lần gửi.","QTN-06, QTN-18, QTN-24, QTN-10",Quan trọng,,"NCL-03-CN-002, NCL-10-CN-001, NCL-11-CN-001",Thành viên ba,Chưa thực hiện,
97,NCL-08,Thông báo và lịch sử hoạt động,NCL-08-CN-007,Nhắc khách trước ngày nhận phòng,"Là Lễ tân, tôi muốn hệ thống nhắc khách trước ngày nhận phòng, để giảm số khách quên lịch và giảm tỷ lệ khách không đến.",Lễ tân,Khách không đến là khoản thất thu lớn nhất và khó thu hồi nhất. Một lời nhắc đúng lúc rẻ hơn nhiều so với việc xử lý tiền cọc phạt sau đó.,"Chủ cơ sở cấu hình mốc nhắc, ví dụ trước một ngày và trước ba ngày so với ngày nhận phòng. Đến mốc, hệ thống đưa các đặt phòng cần nhắc vào một danh sách để lễ tân gửi, kèm nội dung nhắc gồm mã đặt phòng, ngày giờ nhận phòng, địa chỉ cơ sở và số tiền còn phải thanh toán. Đặt phòng đã hủy, đã nhận phòng hoặc đã đánh dấu khách không đến không xuất hiện trong danh sách. Mỗi đặt phòng chỉ nhắc một lần cho mỗi mốc, tránh làm phiền khách. Lễ tân đánh dấu đã liên hệ hoặc không liên hệ được, và ghi chú lại để ca sau biết. Kết quả liên hệ được ghi nhật ký và hiển thị trên hồ sơ đặt phòng.","Có đặt phòng đã xác nhận với ngày nhận phòng rơi vào mốc nhắc đã cấu hình, và khách có ít nhất một thông tin liên hệ.","Lễ tân có danh sách khách cần nhắc theo ngày, và mỗi lần liên hệ đều được ghi nhận kết quả.","QTN-07, QTN-10",Quan trọng,,"NCL-08-CN-001, NCL-08-CN-006",Thành viên hai,Chưa thực hiện,
98,NCL-08,Thông báo và lịch sử hoạt động,NCL-08-CN-008,Trung tâm thông báo và cấu hình nhận thông báo theo vai trò,"Là Lễ tân, tôi muốn xem lại mọi thông báo trong một chỗ và tự chọn loại nào cần hiện, để không bỏ sót việc quan trọng mà cũng không bị làm phiền bởi thông báo không thuộc phần việc của mình.",Lễ tân,"Hệ thống hiện đã phát nhiều loại thông báo rời rạc gồm nhắc mốc lưu trú, phòng cần dọn, sự cố phòng, hóa đơn chờ duyệt. Không có nơi tập hợp thì thông báo trôi mất và mất luôn tác dụng.","Một trung tâm thông báo tập hợp mọi thông báo gửi tới người đang đăng nhập, sắp theo thời gian, phân biệt đã đọc và chưa đọc, cho lọc theo loại và cho mở thẳng tới đối tượng liên quan như đặt phòng, phòng hay hóa đơn. Quản trị viên khai báo loại thông báo nào mặc định gửi tới vai trò nào, còn từng người được tắt bớt những loại không bắt buộc. Các thông báo bắt buộc như hóa đơn chờ duyệt của Chủ cơ sở hay phòng có sự cố nặng thì không được tắt. Thông báo cũ hơn ba mươi ngày được thu gọn nhưng vẫn tra cứu được. Hệ thống không tạo thêm loại thông báo mới, chỉ tập hợp và điều phối những loại đã có.",Người dùng đã đăng nhập và trong hệ thống đã có ít nhất một loại thông báo được phát.,"Mỗi vai trò nhận đúng loại thông báo thuộc phần việc của mình, và mọi thông báo đều tra cứu lại được.","QTN-09, QTN-10",Quan trọng,,"NCL-08-CN-001, NCL-08-CN-003, NCL-01-CN-003",Thành viên hai,Chưa thực hiện,
99,NCL-03,Lịch phòng và đặt phòng chống trùng,NCL-03-CN-011,Giữ chỗ tạm thời có hạn cho đặt phòng chưa xác nhận,"Là Lễ tân, tôi muốn giữ phòng cho khách trong một khoảng thời gian có hạn khi khách chưa chốt ngay, để không mất khách mà cũng không khóa phòng vô thời hạn.",Lễ tân,"Đây là tình huống hằng ngày khi khách hỏi qua điện thoại và xin nghĩ thêm. Giữ chỗ bằng miệng thì hoặc quên thả ra làm mất doanh thu, hoặc quên giữ làm mất khách.","Lễ tân tạo một lượt giữ chỗ trên phòng cho một khoảng ngày, chọn thời hạn giữ theo giờ trong giới hạn tối đa do Chủ cơ sở cấu hình, và nhập thông tin liên hệ của khách. Phòng đang được giữ chỗ hiển thị khác màu trên lịch phòng và không cho đặt phòng khác chồng lên, đúng theo quy tắc chống trùng. Khi hết hạn mà khách chưa xác nhận, hệ thống tự thả phòng, ghi nhật ký và báo cho lễ tân. Khách xác nhận trong hạn thì lượt giữ chỗ chuyển thành đặt phòng đã xác nhận và đi tiếp vào luồng thu cọc. Lễ tân được gia hạn hoặc hủy lượt giữ chỗ sớm kèm lý do. Lượt giữ chỗ không sinh hóa đơn và không tính vào báo cáo doanh thu.",Phòng còn trống trọn khoảng ngày cần giữ và Chủ cơ sở đã cấu hình thời hạn giữ chỗ tối đa.,"Phòng được giữ trong thời hạn rõ ràng, tự thả khi hết hạn, và chuyển thành đặt phòng chính thức khi khách xác nhận.","QTN-01, QTN-36, QTN-10",Quan trọng,,"NCL-03-CN-002, NCL-03-CN-003, NCL-11-CN-001",Thành viên một,Chưa thực hiện,
100,NCL-03,Lịch phòng và đặt phòng chống trùng,NCL-03-CN-012,Ghi chú và yêu cầu đặc biệt của khách trên đặt phòng,"Là Lễ tân, tôi muốn ghi lại yêu cầu đặc biệt của khách trên đặt phòng và cho đúng người liên quan nhìn thấy, để yêu cầu không bị quên giữa ca này và ca khác.",Lễ tân,"Những yêu cầu như phòng tầng thấp, thêm gối, đón muộn, kỵ mùi hiện chỉ nằm trong trí nhớ của người nhận đặt. Đây là nguồn phàn nàn thường gặp mà chi phí khắc phục lại rất nhỏ.","Trên mỗi đặt phòng, lễ tân thêm ghi chú dạng tự do và chọn các nhãn yêu cầu có sẵn do cơ sở khai báo. Mỗi ghi chú được gắn phạm vi hiển thị gồm dành cho lễ tân, dành cho buồng phòng, hoặc cho cả hai. Ghi chú dành cho buồng phòng xuất hiện trên danh sách phòng cần dọn của phòng tương ứng. Khi làm thủ tục nhận phòng, hệ thống hiển thị nổi bật các yêu cầu chưa xử lý để lễ tân xác nhận đã đáp ứng hay chưa. Ghi chú không được xóa sau khi đã đánh dấu đã xử lý, chỉ được bổ sung, để giữ dấu vết. Nội dung ghi chú không được chứa số giấy tờ tùy thân và hệ thống nhắc điều này khi phát hiện chuỗi số dài bất thường.",Đặt phòng đã tồn tại và cơ sở đã khai báo danh mục nhãn yêu cầu.,"Yêu cầu của khách được lưu trên đặt phòng, hiển thị đúng cho lễ tân và buồng phòng, và được xác nhận đã xử lý khi nhận phòng.","QTN-24, QTN-10, QTN-05",Nên có,,"NCL-03-CN-002, NCL-06-CN-004",Thành viên một,Chưa thực hiện,
101,NCL-04,Nhận phòng và trả phòng,NCL-04-CN-012,Nhận phòng sớm và trả phòng muộn có phụ thu,"Là Lễ tân, tôi muốn xử lý trường hợp khách xin nhận phòng sớm hoặc trả phòng muộn kèm mức phụ thu theo chính sách, để thu đúng phần thời gian phòng bị chiếm thêm thay vì cho không hoặc tính bằng cảm tính.",Lễ tân,Phòng bị giữ thêm nửa ngày là phòng không bán được cho khách khác. Chuẩn hóa mức phụ thu giúp lễ tân không phải tự quyết và giúp chủ cơ sở thu được phần đang mất.,"Chủ cơ sở cấu hình giờ nhận phòng chuẩn, giờ trả phòng chuẩn, và các mốc phụ thu theo khoảng thời gian lệch, ví dụ trước ba giờ so với giờ chuẩn thì thu một phần tiền phòng, sớm hơn nữa thì tính thành một đêm. Khi lễ tân nhận phòng trước giờ chuẩn hoặc trả phòng sau giờ chuẩn, hệ thống tự đề xuất dòng phụ thu tương ứng, cho lễ tân miễn kèm lý do bắt buộc. Nhận phòng sớm chỉ được chấp nhận khi phòng đang ở trạng thái sẵn sàng, nếu phòng còn cần dọn thì hệ thống từ chối và nêu lý do. Trả phòng muộn không được vượt quá thời điểm khách kế tiếp nhận phòng, hệ thống cảnh báo rõ nếu có xung đột. Dòng phụ thu đi vào hóa đơn theo đúng công thức tổng tiền hiện hành.",Đặt phòng ở trạng thái phù hợp và Chủ cơ sở đã cấu hình giờ chuẩn cùng các mốc phụ thu.,Phần thời gian lệch giờ được tính thành phụ thu trên hóa đơn hoặc được miễn kèm lý do có lưu vết.,"QTN-02, QTN-05, QTN-12, QTN-37",Quan trọng,,"NCL-04-CN-001, NCL-04-CN-002, NCL-02-CN-004",Thành viên một,Chưa thực hiện,
102,NCL-04,Nhận phòng và trả phòng,NCL-04-CN-013,Danh sách khách đang lưu trú,"Là Lễ tân, tôi muốn xem nhanh toàn bộ khách đang ở trong cơ sở, để trả lời được ngay ai đang ở phòng nào mà không phải đọc lịch phòng.",Lễ tân,"Là màn hình được dùng nhiều nhất trong ngày ở quầy lễ tân, phục vụ cả việc tiếp khách, việc bàn giao ca và việc kiểm tra nhanh khi có sự cố.","Danh sách hiển thị mọi đặt phòng đang ở trạng thái đã nhận phòng, gồm số phòng, tên khách đứng tên, số người trong phòng, ngày nhận, ngày trả dự kiến, số tiền đã phát sinh, tình trạng thanh toán và các yêu cầu đặc biệt chưa xử lý. Cho lọc theo tầng, theo loại phòng, theo ngày trả phòng trong hôm nay, và theo tình trạng còn nợ. Từ mỗi dòng mở thẳng được sang hồ sơ đặt phòng để ghi dịch vụ phụ thu hoặc làm thủ tục trả phòng. Số giấy tờ tùy thân không hiển thị trên danh sách. Màn hình chỉ đọc, mọi thay đổi phải thực hiện trong hồ sơ đặt phòng để giữ nguyên các quy tắc kiểm soát hiện có.",Có ít nhất một đặt phòng đang ở trạng thái đã nhận phòng.,Lễ tân nắm được toàn bộ tình hình phòng có khách trong một màn hình và mở thẳng được sang việc cần làm.,"QTN-09, QTN-24",Quan trọng,,"NCL-04-CN-001, NCL-04-CN-011",Thành viên hai,Chưa thực hiện,
103,NCL-05,Dịch vụ phụ thu hóa đơn và thanh toán,NCL-05-CN-010,Thu tiền bằng nhiều hình thức trên một hóa đơn,"Là Lễ tân, tôi muốn ghi nhận một hóa đơn được trả bằng nhiều hình thức khác nhau, để phản ánh đúng thực tế khách trả một phần tiền mặt và phần còn lại chuyển khoản.",Lễ tân,"Ghi gộp tất cả vào một hình thức làm sai lệch số tiền mặt lý thuyết khi chốt ca, và đó chính là nguồn gốc của phần lớn các trường hợp lệch quỹ không giải thích được.","Trên một hóa đơn, lễ tân ghi nhiều lần thu, mỗi lần chọn hình thức gồm tiền mặt, chuyển khoản hoặc quẹt thẻ, nhập số tiền và thời điểm. Hệ thống cộng dồn và hiển thị số còn phải thu cho tới khi bằng không thì hóa đơn chuyển sang đã thanh toán. Tổng các lần thu không được vượt số phải trả, phần thu thừa phải xử lý bằng hoàn tiền chứ không được để dương treo trên hóa đơn. Với hình thức chuyển khoản, hệ thống hiển thị thông tin tài khoản của cơ sở lấy từ cấu hình để khách chuyển, và lễ tân đánh dấu đã nhận được tiền. Mỗi lần thu ghi rõ người thao tác và được đưa vào đúng ca của người đó khi chốt ca. Xóa một lần thu đã ghi nhận là không được phép, chỉ được ghi một lần điều chỉnh ngược kèm lý do.",Hóa đơn ở trạng thái chờ thanh toán và số còn phải thu lớn hơn không.,"Hóa đơn ghi nhận đủ các lần thu theo từng hình thức, và số liệu này khớp với phần tổng hợp khi chốt ca.","QTN-11, QTN-12, QTN-30, QTN-10",Quan trọng,,"NCL-05-CN-003, NCL-05-CN-008",Thành viên ba,Chưa thực hiện,
104,NCL-05,Dịch vụ phụ thu hóa đơn và thanh toán,NCL-05-CN-011,Hủy hóa đơn nháp kèm lý do,"Là Lễ tân, tôi muốn hủy một hóa đơn nháp lập nhầm và ghi rõ lý do, để không có hóa đơn rác treo trong hệ thống làm sai số liệu báo cáo.",Lễ tân,"Hiện chỉ có đường sửa hóa đơn đã thanh toán bằng hóa đơn điều chỉnh, còn hóa đơn nháp lập nhầm thì không có cách xử lý nào, buộc phải để lại hoặc sửa vòng vo.","Lễ tân chọn hủy một hóa đơn đang ở trạng thái nháp hoặc chờ thanh toán mà chưa ghi nhận bất kỳ lần thu nào, nhập lý do bắt buộc. Hóa đơn chuyển sang trạng thái đã hủy, không bị xóa khỏi hệ thống và vẫn tra cứu được, nhưng không tính vào báo cáo doanh thu. Các dịch vụ phụ thu đã gắn vào hóa đơn được trả về trạng thái chưa lập hóa đơn để lập lại cho đúng. Hóa đơn đã ghi nhận ít nhất một lần thu thì không được hủy mà phải đi qua hoàn tiền và hóa đơn điều chỉnh, đúng nguyên tắc bảo toàn hóa đơn đã thanh toán. Mỗi lần hủy đều ghi nhật ký kèm người thao tác, thời điểm và lý do.",Hóa đơn ở trạng thái nháp hoặc chờ thanh toán và chưa có lần thu nào được ghi nhận.,"Hóa đơn lập nhầm bị vô hiệu hóa nhưng vẫn giữ dấu vết, và các dịch vụ phụ thu quay về trạng thái chờ lập hóa đơn.","QTN-11, QTN-12, QTN-10",Quan trọng,,"NCL-05-CN-002, NCL-05-CN-001",Thành viên ba,Chưa thực hiện,
105,NCL-06,Quản lý dọn phòng,NCL-06-CN-007,Quản lý đồ khách để quên,"Là Nhân viên buồng phòng, tôi muốn ghi nhận đồ khách để quên khi dọn phòng, để món đồ có nơi lưu và có người chịu trách nhiệm thay vì nằm trong ngăn kéo quầy lễ tân.",Nhân viên buồng phòng,Là tranh chấp phổ biến ở homestay và ảnh hưởng trực tiếp tới uy tín cơ sở. Chi phí làm rất nhỏ vì tái dùng luồng dọn phòng đã có.,"Khi dọn phòng, nhân viên ghi nhận món đồ để quên gồm mô tả, vị trí tìm thấy, ngày tìm thấy và phòng tương ứng. Hệ thống tự gắn món đồ với lần lưu trú vừa kết thúc của phòng đó để biết chủ nhân có khả năng là ai và lấy được thông tin liên hệ. Món đồ đi qua các trạng thái đang lưu giữ, đã liên hệ khách, đã trả cho khách và đã xử lý theo chính sách khi quá thời hạn lưu giữ do cơ sở cấu hình. Khi trả cho khách phải ghi người nhận và thời điểm. Danh sách cho lọc theo phòng, theo khoảng ngày và theo trạng thái. Nhân viên buồng phòng chỉ ghi nhận và xem, việc trả đồ cho khách do lễ tân thực hiện. Toàn bộ vòng đời món đồ được ghi nhật ký.",Phòng đang ở trạng thái cần dọn và người thao tác là nhân viên buồng phòng phụ trách phòng đó.,"Mỗi món đồ để quên có hồ sơ riêng gắn với lần lưu trú, có trạng thái rõ ràng và có dấu vết khi trả cho khách.","QTN-05, QTN-09, QTN-10, QTN-24",Nên có,,"NCL-06-CN-002, NCL-04-CN-004",Thành viên hai,Chưa thực hiện,
106,NCL-06,Quản lý dọn phòng,NCL-06-CN-008,Lịch dọn định kỳ cho phòng trống dài ngày,"Là Chủ cơ sở, tôi muốn hệ thống tự đưa phòng trống lâu ngày vào danh sách cần dọn theo chu kỳ, để phòng không bị bụi bẩn khi bất ngờ có khách nhận.",Chủ cơ sở,"Ở cơ sở nhỏ, phòng trống thường bị bỏ quên cho tới lúc có khách, dẫn tới việc phải dọn gấp và làm chậm thủ tục nhận phòng.","Chủ cơ sở cấu hình số ngày tối đa một phòng được để trống mà chưa dọn lại, ví dụ bảy ngày. Hệ thống rà soát hằng ngày và tự đưa các phòng vượt ngưỡng vào danh sách cần dọn với nhãn dọn định kỳ, phân biệt rõ với phòng cần dọn sau khi khách trả. Phòng đang khóa bảo trì không bị đưa vào danh sách. Việc dọn định kỳ không làm thay đổi trạng thái bán được của phòng, phòng vẫn nhận khách bình thường trong lúc chờ dọn định kỳ, nhưng nếu có khách nhận phòng thì việc dọn theo khách được ưu tiên trước và lần dọn định kỳ được tính là đã hoàn thành. Sau mỗi lần dọn, mốc đếm ngày được đặt lại. Chủ cơ sở xem được lần dọn gần nhất của từng phòng.",Cơ sở đã cấu hình chu kỳ dọn định kỳ và có phòng ở trạng thái sẵn sàng không có khách quá số ngày cấu hình.,Phòng trống dài ngày được đưa vào danh sách dọn theo chu kỳ và luôn tra được lần dọn gần nhất.,"QTN-05, QTN-01",Nên có,,"NCL-06-CN-001, NCL-06-CN-004",Thành viên hai,Chưa thực hiện,
107,NCL-15,Đồng bộ lịch phòng với kênh đặt phòng trực tuyến,NCL-15-CN-001,Khai báo kênh đặt phòng và ánh xạ loại phòng,"Là Chủ cơ sở, tôi muốn khai báo các kênh đặt phòng đang bán và ánh xạ loại phòng của kênh với loại phòng trong hệ thống, để dữ liệu từ kênh về đúng loại phòng thay vì phải suy đoán.",Chủ cơ sở,Là bước nền bắt buộc của việc đồng bộ lịch. Không có ánh xạ đúng thì mọi lượt đồng bộ sau đó đều sai và còn nguy hiểm hơn là không đồng bộ.,"Chủ cơ sở khai báo từng kênh gồm tên kênh, đường dẫn tệp lịch mà kênh cung cấp, đường dẫn tệp lịch mà cơ sở chia sẻ ngược lại cho kênh, và chu kỳ đồng bộ. Với mỗi kênh, khai báo bảng ánh xạ giữa mã loại phòng bên kênh và loại phòng trong hệ thống, cùng số phòng tối đa phân bổ cho kênh đó. Một loại phòng có thể bán trên nhiều kênh, nhưng tổng số phòng phân bổ không được vượt số phòng thực có của loại đó, hệ thống chặn nếu vượt. Kênh chưa ánh xạ đủ loại phòng thì không được bật đồng bộ. Chủ cơ sở bật hoặc tắt từng kênh bất cứ lúc nào, tắt kênh không xóa dữ liệu đã đồng bộ trước đó. Mọi thay đổi cấu hình kênh đều ghi nhật ký.",Loại phòng và phòng đã được khai báo đầy đủ trong hệ thống.,"Mỗi kênh có cấu hình đầy đủ và bảng ánh xạ loại phòng hợp lệ, sẵn sàng cho việc đồng bộ hai chiều.","QTN-03, QTN-09, QTN-35",Quan trọng,,"NCL-02-CN-002, NCL-10-CN-001",Thành viên ba,Chưa thực hiện,
108,NCL-15,Đồng bộ lịch phòng với kênh đặt phòng trực tuyến,NCL-15-CN-002,Chia sẻ lịch phòng trống ra kênh đặt phòng,"Là Chủ cơ sở, tôi muốn hệ thống chia sẻ tình trạng phòng trống ra kênh theo chuẩn tệp lịch, để kênh ngừng bán những đêm mà cơ sở đã bán trực tiếp.",Chủ cơ sở,Đây là nửa quan trọng nhất của việc chống trùng phòng liên kênh. Phần lớn các vụ trùng phòng xảy ra vì kênh vẫn còn hàng trong khi phòng đã bán tại quầy.,"Hệ thống sinh cho mỗi kênh một tệp lịch theo chuẩn phổ biến, liệt kê các khoảng thời gian mà loại phòng phân bổ cho kênh đó đã hết chỗ. Tệp được cập nhật lại theo chu kỳ đã cấu hình và ngay sau mỗi lần có đặt phòng mới, hủy, đổi ngày hoặc khóa phòng bảo trì, để độ trễ càng ngắn càng tốt. Số phòng còn bán được cho một kênh tính bằng số phòng phân bổ cho kênh trừ đi số phòng của loại đó đã bị chiếm trong khoảng thời gian tương ứng. Phòng đang khóa bảo trì và phòng đang giữ chỗ tạm thời đều được coi là đã bị chiếm. Đường dẫn tệp lịch phải khó đoán và được phép làm mới khi Chủ cơ sở nghi ngờ bị lộ. Mỗi lần sinh tệp đều ghi nhật ký kèm số khoảng thời gian đã chặn.","Kênh đã được khai báo, đã ánh xạ loại phòng và đang ở trạng thái bật đồng bộ.","Kênh nhận được tệp lịch phản ánh đúng phần đã bán của cơ sở, cập nhật lại sau mỗi thay đổi quan trọng.","QTN-01, QTN-35, QTN-10",Bắt buộc,,"NCL-15-CN-001, NCL-03-CN-003, NCL-06-CN-003",Thành viên ba,Chưa thực hiện,
109,NCL-15,Đồng bộ lịch phòng với kênh đặt phòng trực tuyến,NCL-15-CN-003,Nhận lịch bận từ kênh và chặn phòng tương ứng,"Là Lễ tân, tôi muốn hệ thống tự đọc lịch bận từ kênh và chặn số phòng tương ứng trên lịch phòng, để không nhận thêm khách vào những đêm mà kênh đã bán.",Lễ tân,"Là nửa còn lại của việc chống trùng liên kênh. Đây chính là vấn đề gốc nêu trong phần vấn đề thực tế của sản phẩm, khi cơ sở bán qua nhiều kênh và dễ nhận trùng.","Theo chu kỳ đã cấu hình, hệ thống tải tệp lịch của từng kênh đang bật, đọc các khoảng thời gian bận và tạo các lượt chặn phòng gắn với kênh đó theo đúng loại phòng đã ánh xạ. Lượt chặn hiển thị trên lịch phòng với màu và nhãn riêng để lễ tân biết đó là chỗ do kênh giữ chứ không phải khách của cơ sở. Số lượt chặn cho một kênh không được vượt số phòng đã phân bổ cho kênh đó, phần vượt được ghi vào nhật ký đồng bộ như một cảnh báo cần Chủ cơ sở xử lý. Khoảng bận biến mất khỏi tệp của kênh thì lượt chặn tương ứng tự được gỡ. Lễ tân được chuyển một lượt chặn thành đặt phòng chính thức khi có đủ thông tin khách từ kênh, giữ nguyên liên kết tới kênh nguồn để phục vụ báo cáo theo kênh.",Kênh đã bật đồng bộ và đã chia sẻ được tệp lịch bận hợp lệ.,"Những đêm mà kênh đã bán bị chặn trên lịch phòng của cơ sở, và lễ tân phân biệt được chỗ của kênh với đặt phòng trực tiếp.","QTN-01, QTN-35, QTN-10",Bắt buộc,,"NCL-15-CN-001, NCL-03-CN-001, NCL-06-CN-003",Thành viên ba,Chưa thực hiện,
110,NCL-15,Đồng bộ lịch phòng với kênh đặt phòng trực tuyến,NCL-15-CN-004,Xử lý trùng phòng phát hiện khi đồng bộ,"Là Lễ tân, tôi muốn hệ thống báo rõ khi lịch từ kênh gửi về gây trùng với đặt phòng đã có, để tôi xử lý ngay thay vì phát hiện lúc hai nhóm khách cùng đứng ở quầy.",Lễ tân,Đồng bộ luôn có độ trễ nên trùng phòng vẫn có thể xảy ra. Điều quyết định là cơ sở biết trước bao lâu và có công cụ để xử lý êm hay không.,"Khi một lượt chặn từ kênh gây vượt số phòng thực có của loại phòng trong một khoảng thời gian, hệ thống không tự hủy bất kỳ đặt phòng nào mà tạo một cảnh báo trùng phòng nêu rõ kênh nguồn, khoảng thời gian, loại phòng, số phòng thiếu và danh sách các đặt phòng đang chiếm chỗ trong khoảng đó. Cảnh báo được đẩy tới lễ tân và Chủ cơ sở qua trung tâm thông báo và đứng nguyên cho tới khi có người xử lý. Lễ tân xử lý bằng cách đổi phòng cho khách sang loại phòng khác còn trống, đổi ngày, hoặc từ chối một bên kèm ghi chú lý do. Mọi hướng xử lý đều phải đi qua các chức năng nghiệp vụ đã có chứ không được sửa tay trên lịch. Cảnh báo chỉ đóng khi số phòng bị chiếm không còn vượt số phòng thực có, và toàn bộ quá trình được ghi nhật ký.",Việc đồng bộ đã chạy và phát hiện số phòng bị chiếm vượt quá số phòng thực có của một loại phòng.,"Mọi trường hợp trùng phòng liên kênh đều được cảnh báo sớm, có người chịu trách nhiệm xử lý và có dấu vết cách xử lý.","QTN-01, QTN-08, QTN-21, QTN-35",Bắt buộc,,"NCL-15-CN-003, NCL-03-CN-007, NCL-08-CN-008",Thành viên bốn,Chưa thực hiện,
111,NCL-15,Đồng bộ lịch phòng với kênh đặt phòng trực tuyến,NCL-15-CN-005,Nhật ký đồng bộ và cảnh báo kênh mất kết nối,"Là Chủ cơ sở, tôi muốn biết lần đồng bộ gần nhất của từng kênh có thành công hay không, để phát hiện kênh đã ngừng cập nhật trước khi nó gây ra trùng phòng.",Chủ cơ sở,"Một kênh im lặng nguy hiểm hơn một kênh báo lỗi, vì cơ sở vẫn tin rằng lịch đang được đồng bộ trong khi thực tế đã dừng từ nhiều ngày trước.","Hệ thống ghi lại mỗi lần đồng bộ của từng kênh gồm thời điểm, chiều đồng bộ, kết quả, số khoảng thời gian đọc được, số lượt chặn được tạo hoặc gỡ, và mô tả lỗi nếu thất bại. Màn hình hiển thị trạng thái hiện tại của từng kênh cùng thời điểm đồng bộ thành công gần nhất. Khi một kênh thất bại liên tiếp quá số lần cấu hình, hoặc quá số giờ cấu hình mà chưa có lần đồng bộ thành công nào, hệ thống phát cảnh báo tới Chủ cơ sở qua trung tâm thông báo. Chủ cơ sở kích hoạt đồng bộ lại thủ công cho một kênh bất kỳ lúc nào. Nhật ký đồng bộ được giữ tối thiểu ba mươi ngày và xuất ra tệp được để đối chiếu khi có tranh chấp với kênh.",Có ít nhất một kênh đã được khai báo và bật đồng bộ.,Chủ cơ sở nhìn thấy tình trạng đồng bộ của mọi kênh và được cảnh báo khi một kênh ngừng cập nhật.,"QTN-10, QTN-35, QTN-09",Quan trọng,,"NCL-15-CN-002, NCL-15-CN-003",Thành viên bốn,Chưa thực hiện,
112,NCL-05,Dịch vụ phụ thu hóa đơn và thanh toán,NCL-05-CN-012,Báo cáo công nợ theo tuổi nợ và nhắc thu,"Là Kế toán, tôi muốn xem các khoản công nợ được phân nhóm theo số ngày quá hạn, để biết đòi khoản nào trước thay vì đọc một danh sách phẳng.",Kế toán,Ngoại lệ trả phòng còn nợ chỉ an toàn khi có công cụ theo dõi phía sau. Không có báo cáo tuổi nợ thì ngoại lệ đó sẽ dần thành lỗ hổng thất thu.,"Báo cáo nhóm các hóa đơn còn nợ theo tuổi nợ tính từ hạn thu đã cam kết, ví dụ trong hạn, quá hạn dưới mười lăm ngày, từ mười lăm tới ba mươi ngày và trên ba mươi ngày. Mỗi nhóm hiển thị số hóa đơn, tổng tiền và tỷ trọng, kèm danh sách chi tiết gồm tên khách, mã hóa đơn, số tiền còn nợ, hạn thu và người đã phê duyệt cho nợ. Cho lọc theo khách để nhìn tổng nợ của một khách công ty có nhiều lần lưu trú. Từ mỗi dòng, kế toán đánh dấu đã liên hệ đòi nợ kèm ghi chú và hẹn ngày liên hệ lại, hệ thống nhắc vào ngày đó. Báo cáo xuất ra tệp được. Số liệu phải khớp với phần còn nợ trong báo cáo doanh thu.",Có ít nhất một hóa đơn ở trạng thái còn nợ được tạo qua luồng trả phòng còn nợ.,"Kế toán biết được khoản nào cần đòi trước, ai đã duyệt cho nợ, và mỗi lần liên hệ đòi nợ đều được ghi nhận.","QTN-31, QTN-11, QTN-10, QTN-09",Quan trọng,,"NCL-04-CN-010, NCL-05-CN-003",Thành viên ba,Chưa thực hiện,
113,NCL-05,Dịch vụ phụ thu hóa đơn và thanh toán,NCL-05-CN-013,Chốt sổ quỹ theo ngày,"Là Kế toán, tôi muốn xem tổng hợp thu chi của cả ngày gộp từ các ca, để đối chiếu một lần cho cả ngày thay vì cộng tay từng phiếu chốt ca.",Kế toán,"Chốt ca giải quyết trách nhiệm của từng người, còn chốt sổ ngày mới là con số dùng để đối chiếu với sổ sách và với báo cáo doanh thu.","Màn hình tổng hợp mọi phiếu chốt ca của một ngày, hiển thị tổng thu theo từng hình thức thanh toán, tổng tiền hoàn cho khách, tổng tiền cọc thu vào, số ca có chênh lệch cùng tổng chênh lệch, và số tiền mặt cuối ngày phải bàn giao. Ngày còn ca chưa chốt thì hệ thống chưa cho chốt sổ ngày và nêu rõ ca nào còn mở. Sau khi chốt sổ ngày, các phiếu chốt ca của ngày đó không được mở lại nếu chưa mở lại sổ ngày, và việc mở lại chỉ Chủ cơ sở làm được kèm lý do. Số liệu chốt sổ ngày phải khớp với phần doanh thu ghi nhận trong cùng ngày, chênh lệch được hiển thị rõ để đối soát chứ không tự làm tròn.",Mọi ca làm việc trong ngày đã được chốt và có ít nhất một giao dịch thu hoặc chi trong ngày.,"Ngày làm việc được khóa sổ với số liệu tổng hợp đầy đủ, làm căn cứ đối soát với báo cáo doanh thu.","QTN-30, QTN-11, QTN-10",Quan trọng,,"NCL-05-CN-008, NCL-05-CN-010",Thành viên ba,Chưa thực hiện,
114,NCL-07,Báo cáo công suất và doanh thu,NCL-07-CN-010,Báo cáo dịch vụ phụ thu bán chạy,"Là Chủ cơ sở, tôi muốn biết dịch vụ phụ thu nào bán được nhiều và mang lại bao nhiêu tiền, để bỏ bớt dịch vụ không ai dùng và đẩy mạnh dịch vụ có lãi.",Chủ cơ sở,"Dịch vụ phụ thu là nguồn doanh thu tăng thêm rẻ nhất của cơ sở lưu trú, nhưng hiện chỉ có số tổng chứ không biết cấu thành từ đâu.","Báo cáo liệt kê từng dịch vụ phụ thu trong danh mục kèm số lượt bán, tổng số lượng, doanh thu và tỷ trọng trong tổng doanh thu phụ thu của kỳ. Cho xem theo khoảng thời gian, và so sánh giữa các loại phòng để biết nhóm khách nào dùng dịch vụ nào. Các dịch vụ không phát sinh lượt bán nào trong kỳ vẫn được liệt kê với số không, vì đó chính là thông tin quan trọng để cân nhắc bỏ khỏi danh mục. Doanh thu lấy từ hóa đơn đã lập, không lấy từ dịch vụ đã ghi nhưng chưa vào hóa đơn, để khớp với báo cáo doanh thu. Dòng phụ thu sinh tự động như phụ thu thêm người hay phụ thu lệch giờ được tách thành nhóm riêng, không trộn với dịch vụ do khách chủ động mua.",Có dữ liệu dịch vụ phụ thu đã vào hóa đơn trong kỳ báo cáo.,Chủ cơ sở biết được cấu thành doanh thu phụ thu theo từng dịch vụ và có căn cứ để điều chỉnh danh mục.,"QTN-12, QTN-10, QTN-09",Nên có,,"NCL-05-CN-001, NCL-07-CN-002",Thành viên hai,Chưa thực hiện,
115,NCL-07,Báo cáo công suất và doanh thu,NCL-07-CN-011,So sánh chỉ số với kỳ trước,"Là Chủ cơ sở, tôi muốn so sánh công suất và doanh thu của kỳ này với kỳ liền trước và cùng kỳ năm trước, để biết mình đang tốt lên hay xấu đi chứ không chỉ biết con số tuyệt đối.",Chủ cơ sở,Một con số công suất bảy mươi phần trăm không nói lên điều gì nếu không biết tháng trước là bao nhiêu. So sánh là thứ biến báo cáo thành quyết định.,"Người dùng chọn một kỳ báo cáo, hệ thống hiển thị song song số liệu của kỳ đó, kỳ liền trước có cùng độ dài và cùng kỳ của năm trước nếu có dữ liệu, kèm mức chênh lệch tuyệt đối và tỷ lệ phần trăm. Áp dụng cho các chỉ số công suất, doanh thu tiền phòng, doanh thu phụ thu, giá bán trung bình và doanh thu trên mỗi phòng. Kỳ so sánh không có dữ liệu thì hiển thị dấu gạch chứ không hiển thị tăng trưởng vô hạn. Số ngày của hai kỳ khác nhau, ví dụ tháng ba mươi mốt ngày so với tháng ba mươi ngày, thì hệ thống ghi chú rõ để người đọc không hiểu nhầm. Không thêm biểu đồ mới, chỉ bổ sung cột so sánh vào các báo cáo đang có.",Có dữ liệu báo cáo của ít nhất hai kỳ liên tiếp.,Mỗi chỉ số trong báo cáo đều đi kèm mức chênh lệch so với kỳ trước và cùng kỳ năm trước.,"QTN-10, QTN-09",Nên có,,"NCL-07-CN-002, NCL-07-CN-009, NCL-07-CN-004",Thành viên hai,Chưa thực hiện,
116,NCL-13,Đặt phòng theo đoàn,NCL-13-CN-007,Giá thỏa thuận cho khách đoàn và khách công ty,"Là Chủ cơ sở, tôi muốn khai báo mức giá thỏa thuận cho một khách công ty hoặc một đoàn, để lễ tân áp đúng giá đã cam kết mà không phải giảm giá thủ công từng hóa đơn.",Chủ cơ sở,"Hiện mọi mức giá khác bảng giá đều phải đi qua giảm giá thủ công có phê duyệt, vừa chậm vừa làm báo cáo giảm giá bị nhiễu bởi các mức giá vốn đã được thỏa thuận từ trước.","Chủ cơ sở tạo một thỏa thuận giá gắn với một khách công ty hoặc một hồ sơ đoàn, gồm khoảng thời gian hiệu lực, các loại phòng áp dụng và mức giá cố định hoặc tỷ lệ giảm so với bảng giá. Khi lễ tân tạo đặt phòng cho khách hoặc đoàn có thỏa thuận còn hiệu lực, hệ thống tự áp mức giá thỏa thuận và hiển thị rõ đang áp giá theo thỏa thuận nào, thay vì để lễ tân tự nhập. Thỏa thuận đứng ở mức ưu tiên cao nhất, trên cả giá ngày lễ. Đặt phòng đã xác nhận không bị ảnh hưởng khi thỏa thuận thay đổi hoặc hết hạn. Các đặt phòng áp giá thỏa thuận không tính vào phần giảm giá cần phê duyệt, nhưng được tách riêng trong báo cáo doanh thu để chủ cơ sở thấy phần doanh thu bán theo giá thỏa thuận.","Khách công ty đã có hồ sơ khách hoặc hồ sơ đoàn đã tồn tại, và bảng giá theo mùa đã được khai báo.","Đặt phòng của khách có thỏa thuận được áp đúng giá cam kết một cách tự động, và phần doanh thu này tách bạch trong báo cáo.","QTN-03, QTN-33, QTN-27, QTN-39",Quan trọng,,"NCL-13-CN-001, NCL-02-CN-006, NCL-04-CN-004",Thành viên một,Chưa thực hiện,
117,NCL-16,Quản lý nhiều cơ sở lưu trú,NCL-16-CN-001,Khai báo nhiều cơ sở và gán người dùng theo cơ sở,"Là Chủ cơ sở, tôi muốn quản lý nhiều homestay trong cùng một tài khoản, để không phải đăng nhập vào từng hệ thống riêng cho từng cơ sở.",Chủ cơ sở,"Chủ homestay thành công thường mở cơ sở thứ hai. Nếu sản phẩm không đi cùng họ ở bước đó thì họ buộc phải đổi sang phần mềm khác, và cơ sở đầu tiên cũng mất theo.","Chủ cơ sở khai báo nhiều cơ sở, mỗi cơ sở có thông tin riêng gồm tên, địa chỉ, giờ nhận trả phòng, chính sách hủy, chính sách cọc và danh mục dịch vụ phụ thu. Mỗi tài khoản người dùng được gán vào một hoặc nhiều cơ sở, kèm vai trò áp dụng cho từng cơ sở, để một người có thể là Lễ tân ở cơ sở này và không có quyền gì ở cơ sở kia. Phòng, loại phòng, bảng giá, đặt phòng, hóa đơn và khoản cọc đều thuộc về đúng một cơ sở và không được chuyển tùy tiện giữa các cơ sở. Cơ sở đang có đặt phòng chưa kết thúc thì không được xóa, chỉ được ngừng hoạt động. Tài khoản không được gán vào cơ sở nào thì không đăng nhập vào phần nghiệp vụ được. Mọi thay đổi cấu hình cơ sở và gán người dùng đều ghi nhật ký.",Hệ thống đang vận hành với một cơ sở và Chủ cơ sở có nhu cầu thêm cơ sở thứ hai.,"Nhiều cơ sở cùng tồn tại trong một hệ thống, mỗi cơ sở có cấu hình riêng và mỗi người dùng có quyền riêng theo từng cơ sở.","QTN-09, QTN-38, QTN-10",Nên có,,"NCL-10-CN-001, NCL-01-CN-003",Thành viên bốn,Chưa thực hiện,
118,NCL-16,Quản lý nhiều cơ sở lưu trú,NCL-16-CN-002,Chuyển đổi cơ sở đang làm việc và cô lập dữ liệu,"Là Lễ tân, tôi muốn chọn cơ sở mình đang trực và chỉ thấy dữ liệu của cơ sở đó, để không nhận nhầm đặt phòng vào phòng của cơ sở khác.",Lễ tân,Cô lập dữ liệu là điều kiện an toàn bắt buộc của chế độ nhiều cơ sở. Thiếu nó thì tính năng đa cơ sở gây hại nhiều hơn lợi.,"Sau khi đăng nhập, người dùng thuộc nhiều cơ sở phải chọn cơ sở đang làm việc, và hệ thống hiển thị rõ tên cơ sở đó ở vị trí luôn nhìn thấy. Mọi màn hình nghiệp vụ gồm lịch phòng, đặt phòng, danh sách phòng cần dọn, hóa đơn, khoản cọc và báo cáo chỉ hiển thị dữ liệu của cơ sở đang chọn. Mọi thao tác tạo mới đều tự gắn vào cơ sở đang chọn, người dùng không được chọn cơ sở khác trong lúc thao tác. Chuyển cơ sở giữa chừng thì hệ thống nhắc lưu hoặc bỏ việc đang làm dở. Người dùng cố truy cập một bản ghi thuộc cơ sở khác, kể cả bằng đường dẫn trực tiếp, đều bị từ chối và việc đó được ghi nhật ký như một cảnh báo bảo mật. Nhật ký hoạt động ghi kèm cơ sở của mỗi thao tác.",Đã có từ hai cơ sở trở lên và người dùng được gán vào ít nhất một cơ sở.,"Người dùng chỉ nhìn thấy và thao tác được trên dữ liệu của cơ sở đang trực, mọi truy cập chéo đều bị chặn và ghi vết.","QTN-09, QTN-38, QTN-10",Nên có,,NCL-16-CN-001,Thành viên bốn,Chưa thực hiện,
119,NCL-16,Quản lý nhiều cơ sở lưu trú,NCL-16-CN-003,Báo cáo hợp nhất nhiều cơ sở,"Là Chủ cơ sở, tôi muốn xem công suất và doanh thu của tất cả cơ sở trên một màn hình, để so sánh giữa các cơ sở và biết nên dồn sức vào đâu.",Chủ cơ sở,Đây là lý do chính khiến chủ nhiều cơ sở chấp nhận dùng chung một hệ thống. Nếu vẫn phải cộng tay giữa các cơ sở thì đa cơ sở không tạo ra giá trị nào.,"Báo cáo hợp nhất hiển thị công suất, doanh thu tiền phòng, doanh thu phụ thu, giá bán trung bình và doanh thu trên mỗi phòng của từng cơ sở trong cùng một kỳ, kèm dòng tổng của toàn hệ thống. Cho lọc chọn tập hợp cơ sở cần xem và sắp xếp theo từng chỉ số để thấy ngay cơ sở nào đang kém. Công suất toàn hệ thống tính trên tổng số phòng của các cơ sở được chọn chứ không phải trung bình cộng của các tỷ lệ, và màn hình ghi rõ cách tính này. Chỉ tài khoản được gán quyền xem hợp nhất mới mở được báo cáo này, Lễ tân của một cơ sở không xem được số của cơ sở khác. Báo cáo xuất ra tệp được và dùng chung bộ lọc thời gian với các báo cáo hiện có.",Có từ hai cơ sở trở lên đang hoạt động và có dữ liệu hóa đơn trong kỳ báo cáo.,Chủ cơ sở so sánh được hiệu quả giữa các cơ sở trên cùng một bộ chỉ số và một kỳ thời gian.,"QTN-10, QTN-38, QTN-09",Nên có,,"NCL-16-CN-002, NCL-07-CN-009",Thành viên hai,Chưa thực hiện,
120,NCL-16,Quản lý nhiều cơ sở lưu trú,NCL-16-CN-004,Chuyển khách sang cơ sở khác khi hết phòng,"Là Lễ tân, tôi muốn giới thiệu và chuyển khách sang cơ sở anh em khi cơ sở mình đã hết phòng, để giữ khách trong hệ thống thay vì để khách đi tìm nơi khác.",Lễ tân,Biến việc hết phòng từ một lần mất khách thành một lần bán được ở cơ sở khác. Đây là giá trị mà chỉ chế độ nhiều cơ sở mới tạo ra được.,"Khi lễ tân tìm phòng cho một khoảng ngày mà cơ sở hiện tại đã hết phòng phù hợp, hệ thống hiển thị tình trạng còn trống của các cơ sở khác mà người dùng có quyền xem, gồm loại phòng và mức giá. Lễ tân chọn một cơ sở đích và tạo đặt phòng ở cơ sở đó, hệ thống chép sang thông tin khách và ghi nhận cơ sở giới thiệu để phục vụ đối chiếu nội bộ. Đặt phòng mới thuộc hoàn toàn về cơ sở đích, mọi hóa đơn và khoản cọc phát sinh đều ghi nhận ở cơ sở đích chứ không chia đôi. Lễ tân không có quyền ở cơ sở đích thì chỉ xem được tình trạng trống và gửi yêu cầu, việc xác nhận do lễ tân của cơ sở đích thực hiện. Toàn bộ việc chuyển khách được ghi nhật ký ở cả hai cơ sở.",Có từ hai cơ sở trở lên đang hoạt động và cơ sở hiện tại không còn phòng phù hợp cho khoảng ngày khách cần.,"Khách được chuyển sang cơ sở còn phòng với đặt phòng hợp lệ, và cơ sở giới thiệu được ghi nhận để đối chiếu.","QTN-01, QTN-09, QTN-38, QTN-10",Nên có,,"NCL-16-CN-002, NCL-03-CN-003",Thành viên một,Chưa thực hiện,
121,NCL-07,Báo cáo công suất và doanh thu,NCL-07-CN-012,Gợi ý điều chỉnh giá theo công suất dự báo,"Là Chủ cơ sở, tôi muốn hệ thống gợi ý nên tăng hay giảm giá cho những ngày sắp tới dựa trên mức lấp đầy hiện tại, để không bán rẻ ngày cháy phòng và không để trống ngày ế.",Chủ cơ sở,"Tối ưu giá là mục tiêu nêu thẳng trong tầm nhìn sản phẩm. Gợi ý có kiểm soát là bước đi vừa sức, khác hẳn với định giá tự động vốn nằm ngoài phạm vi.","Hệ thống rà soát các ngày trong khoảng ba mươi ngày tới, so mức lấp đầy hiện tại của từng ngày với mức lấp đầy trung bình của cùng kỳ các năm trước và với ngưỡng do Chủ cơ sở cấu hình. Ngày có mức lấp đầy cao hơn ngưỡng trên thì gợi ý cân nhắc tăng giá, ngày thấp hơn ngưỡng dưới khi đã cận ngày thì gợi ý cân nhắc giảm giá hoặc mở bán thêm kênh. Mỗi gợi ý nêu rõ căn cứ gồm số phòng còn trống, số ngày còn lại tới ngày đó và mức lấp đầy tham chiếu. Hệ thống tuyệt đối không tự đổi giá, mọi thay đổi phải do Chủ cơ sở thực hiện qua chức năng cấu hình giá đã có. Chủ cơ sở bỏ qua một gợi ý và gợi ý đó không hiện lại cho ngày đó nữa. Dữ liệu quá khứ chưa đủ một năm thì hệ thống chỉ dùng ngưỡng cấu hình và ghi chú rõ mức tin cậy thấp.",Có dữ liệu công suất của ít nhất ba tháng và Chủ cơ sở đã cấu hình ngưỡng lấp đầy.,"Chủ cơ sở nhận được danh sách ngày nên xem lại giá kèm căn cứ rõ ràng, và toàn quyền quyết định có đổi giá hay không.","QTN-03, QTN-33, QTN-10",Nên có,,"NCL-07-CN-005, NCL-02-CN-006",Thành viên hai,Chưa thực hiện,
122,NCL-10,Quản trị hệ thống và cấu hình cơ sở,NCL-10-CN-006,Nhập dữ liệu đặt phòng cũ từ tệp bảng tính,"Là Quản trị viên, tôi muốn nhập các đặt phòng đã nhận từ trước lên hệ thống bằng tệp bảng tính, để cơ sở dùng được ngay mà không mất các đặt phòng đã chốt trên sổ giấy.",Quản trị viên,Đây là rào cản lớn nhất khi một homestay chuyển từ sổ tay sang phần mềm. Không nhập được dữ liệu cũ thì cơ sở phải chạy song song hai hệ thống và thường bỏ cuộc giữa chừng.,"Quản trị viên tải về mẫu tệp bảng tính có sẵn các cột bắt buộc gồm tên khách, liên hệ, phòng, ngày nhận, ngày trả, giá và tình trạng thanh toán. Sau khi điền, tệp được tải lên và hệ thống kiểm tra trước toàn bộ trước khi ghi bất cứ dòng nào, liệt kê từng dòng lỗi kèm số dòng và lý do gồm sai định dạng ngày, phòng không tồn tại, ngày trả trước ngày nhận, hoặc trùng phòng với đặt phòng đã có. Chỉ khi người dùng xác nhận thì hệ thống mới ghi, và ghi theo nguyên tắc trọn vẹn hoặc không gì cả để tránh nhập được một nửa. Các đặt phòng nhập vào mang nhãn nguồn là nhập dữ liệu cũ, không sinh thông báo cho khách và không phát sinh yêu cầu thu cọc. Kết quả mỗi lần nhập được lưu lại gồm số dòng thành công, số dòng lỗi và người thực hiện.","Người thao tác là Quản trị viên, phòng và loại phòng đã được khai báo đầy đủ.","Các đặt phòng cũ nằm đúng trên lịch phòng và tuân thủ quy tắc chống trùng, kèm nhãn nguồn để phân biệt với dữ liệu phát sinh trong hệ thống.","QTN-01, QTN-17, QTN-10",Nên có,,"NCL-10-CN-003, NCL-03-CN-003",Thành viên ba,Chưa thực hiện,
123,NCL-10,Quản trị hệ thống và cấu hình cơ sở,NCL-10-CN-007,Theo dõi phiên đăng nhập và buộc đăng xuất từ xa,"Là Quản trị viên, tôi muốn xem các phiên đang đăng nhập và buộc đăng xuất một phiên bất kỳ, để xử lý ngay khi một nhân viên nghỉ việc hoặc quên đăng xuất trên máy chung ở quầy.",Quản trị viên,"Ở cơ sở nhỏ, máy quầy thường dùng chung và nhân viên thay ca liên tục. Một phiên bị bỏ quên là đường vào thẳng tới dữ liệu khách và hóa đơn.","Màn hình liệt kê các phiên đang hoạt động gồm tên tài khoản, vai trò, thời điểm đăng nhập, thời điểm thao tác gần nhất và thiết bị. Quản trị viên buộc đăng xuất một phiên hoặc toàn bộ phiên của một tài khoản, người dùng đó bị đưa về màn hình đăng nhập ngay ở thao tác kế tiếp kèm thông báo lý do. Hệ thống tự kết thúc phiên không thao tác quá khoảng thời gian do Chủ cơ sở cấu hình. Khi một tài khoản bị khóa hoặc bị đổi vai trò, mọi phiên đang mở của tài khoản đó phải bị kết thúc để quyền cũ không còn hiệu lực. Quản trị viên không được buộc đăng xuất chính phiên của mình để tránh tự khóa mình ra ngoài. Mọi lần buộc đăng xuất đều ghi nhật ký kèm lý do.",Có ít nhất một phiên đăng nhập đang hoạt động ngoài phiên của chính Quản trị viên.,Quản trị viên kiểm soát được ai đang đăng nhập và cắt được quyền truy cập ngay lập tức khi cần.,"QTN-09, QTN-10",Quan trọng,,"NCL-01-CN-001, NCL-01-CN-006, NCL-08-CN-002",Thành viên bốn,Chưa thực hiện,
124,NCL-09,Cổng đặt phòng trực tiếp cho khách,NCL-09-CN-007,Khách tra cứu và tự hủy yêu cầu đặt phòng,"Là Khách lưu trú, tôi muốn tra cứu yêu cầu đặt phòng của mình bằng mã và tự hủy khi đổi ý, để không phải gọi điện cho cơ sở trong giờ nghỉ.",Khách lưu trú,"Giảm số cuộc gọi mà lễ tân phải xử lý, và quan trọng hơn là giải phóng phòng sớm khi khách đổi ý thay vì để yêu cầu treo tới lúc có người rà lại.","Khách nhập mã yêu cầu đặt phòng cùng số điện thoại đã dùng khi gửi để tra cứu, hệ thống hiển thị ngày nhận, ngày trả, loại phòng, giá dự kiến và trạng thái yêu cầu. Khách tự hủy được khi yêu cầu còn ở trạng thái chờ duyệt, hoặc khi đã thành đặt phòng chính thức nhưng còn trong thời hạn hủy miễn phí theo chính sách của cơ sở. Ngoài các trường hợp đó, hệ thống không cho tự hủy mà hướng dẫn khách liên hệ cơ sở, vì lúc này đã liên quan tới phí hủy và tiền cọc. Khi khách tự hủy, phòng được giải phóng ngay và lễ tân nhận thông báo. Sai mã hoặc sai số điện thoại quá số lần cấu hình thì tạm khóa việc tra cứu trong một khoảng thời gian để tránh dò mã. Màn hình tra cứu không hiển thị bất kỳ thông tin cá nhân nào ngoài phần khách đã tự nhập.",Yêu cầu đặt phòng hoặc đặt phòng tồn tại và khách có mã cùng số điện thoại đã dùng khi gửi.,"Khách tự xem và tự hủy được trong phạm vi cho phép, phòng được giải phóng ngay và lễ tân được thông báo.","QTN-13, QTN-06, QTN-24",Nên có,,"NCL-09-CN-002, NCL-09-CN-003, NCL-10-CN-002",Thành viên hai,Chưa thực hiện,
125,NCL-09,Cổng đặt phòng trực tiếp cho khách,NCL-09-CN-008,Khách xem và tải hóa đơn của mình,"Là Khách lưu trú, tôi muốn xem lại và tải hóa đơn của lần lưu trú vừa rồi, để có chứng từ thanh toán công tác phí mà không phải xin lại cơ sở.",Khách lưu trú,"Là nhu cầu thường xuyên của khách công tác, và cũng giảm hẳn số lần lễ tân phải tìm lại hóa đơn cũ theo yêu cầu qua điện thoại.","Khách tra cứu bằng mã đặt phòng và số điện thoại đã đăng ký, hệ thống hiển thị các hóa đơn đã lập của lần lưu trú đó cùng tổng tiền và tình trạng thanh toán, và cho tải bản kết xuất giống bản mà lễ tân in tại quầy. Chỉ hóa đơn đã thanh toán hoặc đã lập chính thức mới hiển thị, hóa đơn nháp và hóa đơn đã hủy không xuất hiện. Hóa đơn điều chỉnh hiển thị kèm hóa đơn gốc để khách hiểu quan hệ giữa hai chứng từ. Bản tải về không chứa số giấy tờ tùy thân. Mỗi lần khách xem hoặc tải đều được ghi nhật ký truy cập dữ liệu cá nhân theo đúng quy tắc hiện hành. Cơ sở tắt được chức năng này trong cấu hình nếu không muốn mở ra ngoài.",Lần lưu trú đã có hóa đơn được lập chính thức và cơ sở đang bật chức năng cho khách xem hóa đơn.,"Khách tự lấy được chứng từ của mình, và mọi lần truy cập đều để lại dấu vết.","QTN-11, QTN-24, QTN-13",Nên có,,"NCL-05-CN-009, NCL-09-CN-002, NCL-12-CN-006",Thành viên hai,Chưa thực hiện,
126,NCL-06,Quản lý dọn phòng,NCL-06-CN-009,Định mức thời gian dọn và theo dõi năng suất buồng phòng,"Là Chủ cơ sở, tôi muốn biết mỗi phòng mất bao lâu để dọn và ai đang chậm ở đâu, để bố trí người và định mức công việc dựa trên số liệu thay vì cảm tính.",Chủ cơ sở,"Sau khi đã có phân công và kiểm tra chất lượng, đây là mảnh ghép cuối để chu trình dọn phòng đo được. Nó cũng là căn cứ công bằng khi trả công theo số phòng.","Chủ cơ sở khai báo định mức thời gian dọn cho từng loại phòng, phân biệt dọn sau khi khách trả và dọn định kỳ. Hệ thống đo thời gian thực tế từ lúc nhân viên đánh dấu bắt đầu dọn tới lúc báo dọn xong. Báo cáo hiển thị theo từng nhân viên số phòng đã dọn, thời gian trung bình, số lần bị trả lại do kiểm tra không đạt và số sự cố đã báo, xem được theo ngày, tuần hoặc tháng. Phòng có báo sự cố hoặc bị gián đoạn được đánh dấu để không làm sai lệch thời gian trung bình. Báo cáo dùng để bố trí công việc và cải thiện quy trình, hệ thống không tự xếp hạng hay đánh giá con người, và chỉ Chủ cơ sở xem được. Nhân viên buồng phòng xem được số liệu của chính mình.",Đã có phân công dọn phòng và cập nhật trạng thái dọn phòng chạy ổn định trong ít nhất một tuần.,"Chủ cơ sở có số liệu thời gian dọn theo loại phòng và theo nhân viên, làm căn cứ bố trí người và điều chỉnh định mức.","QTN-05, QTN-09, QTN-10",Nên có,,"NCL-06-CN-004, NCL-06-CN-005, NCL-06-CN-006",Thành viên hai,Chưa thực hiện,